alpha,sigma,m_projects,model_order,num_funded,funded_fraction,final_round,consensus_reached,exploitation_detected,baseline_utility,adversary_utility,total_utility,utility_gap,optimal_set_size,provision_rate,optimal_sw,actual_sw,utility_sw,overpayment,utilitarian_efficiency,surplus_ratio,coordination_failure,baseline_model,adversary_model,adversary_elo,adversary_tier,exploitation_baseline,exploitation_adversary,lindahl_distance,free_rider_avg_adversary,pure_free_rider_adversary,free_rider_avg_baseline,pure_free_rider_baseline
0.0,0.2,5,strong_first,0,0.0,10,False,True,0.0,0.0,0.0,0.0,1,0.0,8.202448311749055,0.0,0.0,0.0,0.0,0.0,1.0,claude-haiku-4-5,gpt-5-nano,1338.0,Weak,,,,,,,
0.0,0.6,5,strong_first,1,0.2,10,True,True,34.41024824770477,1.0933945593109793e-19,34.41024824770477,-34.41024824770477,3,0.3333333333333333,87.11023979739139,34.41024824770477,34.41024824770477,0.0,0.3950195559986878,0.3950195559986878,0.75,claude-haiku-4-5,gpt-5-nano,1338.0,Weak,0.0,0.0,23.46546398433238,1.0,False,1.0,False
0.0,1.0,5,strong_first,3,0.6,10,True,True,-34.88564393880578,-30.737518046462156,-65.62316198526793,4.1481258923436215,2,0.0,98.32316198526794,-65.62316198526793,-65.62316198526793,0.0,0.0,-0.6674232262292423,1.0,claude-haiku-4-5,gpt-5-nano,1338.0,Weak,1.884487287595715e-09,-2.138804853644786e-09,9.29725971980807e-08,0.9999999994533836,False,4.0,True
0.5,0.2,5,strong_first,0,0.0,10,False,True,0.0,0.0,0.0,0.0,1,0.0,53.83371568807741,0.0,0.0,0.0,0.0,0.0,1.0,claude-haiku-4-5,gpt-5-nano,1338.0,Weak,,,,,,,
0.5,0.6,5,strong_first,2,0.4,10,True,True,21.60800816945516,1.4449260487483997,23.05293421820356,-20.16308212070676,3,0.3333333333333333,60.73416893189882,30.932934218203556,23.05293421820356,7.8799999999999955,0.5093168271206383,0.5093168271206383,0.5,claude-haiku-4-5,gpt-5-nano,1338.0,Weak,0.16609150402337755,-0.8834985937532107,29.9971846964029,5.220960730918917,True,1.3673054760238061,False
0.5,1.0,5,strong_first,3,0.6,10,True,True,22.39907118587893,-9.855090787832243,12.543980398046688,-32.25416197371118,4,0.5,102.78787699843204,40.153980398046684,12.543980398046688,27.609999999999996,0.3906489906261923,0.3906489906261923,0.5,claude-haiku-4-5,gpt-5-nano,1338.0,Weak,-0.13888043189749094,-1.696846570923025,33.04314577367689,0.7268168360386481,False,7.0,True
1.0,0.2,5,strong_first,1,0.2,10,True,True,-2.7449525444119356,8.855047455588064,6.1100949111761285,11.6,1,0.0,51.72012621500062,6.1100949111761285,6.1100949111761285,0.0,0.11813766435480953,0.11813766435480953,0.75,claude-haiku-4-5,gpt-5-nano,1338.0,Weak,-1.8984975141355247,1.8984975141355247,15.718142383882391,10.0,True,0.5,False
1.0,0.6,5,strong_first,2,0.4,10,True,True,28.914873488841657,-5.205126511158346,23.70974697768331,-34.120000000000005,3,0.6666666666666666,56.67698458001608,23.70974697768331,23.70974697768331,0.0,0.4183311295294846,0.4183311295294846,0.5,claude-haiku-4-5,gpt-5-nano,1338.0,Weak,1.4390706080547928,-1.4390706080547928,42.111378509851704,0.5,False,10.0,True
1.0,1.0,5,strong_first,3,0.6,10,True,True,-10.37686297264904,-13.436862972649042,-23.81372594529808,-3.0600000000000023,2,0.5,52.14522408290536,13.28627405470192,-23.81372594529808,37.1,0.2547936898991585,0.2547936898991585,0.5,claude-haiku-4-5,gpt-5-nano,1338.0,Weak,-2.562042590710635,-3.0226683443871654,51.00866789085949,3.8333333333333335,True,3.8333333333333335,True
0.0,0.2,5,weak_first,1,0.2,10,True,True,83.92998914648192,0.0,83.92998914648192,-83.92998914648192,1,1.0,83.92998914648192,83.92998914648192,83.92998914648192,0.0,1.0,1.0,0.5,gpt-5-nano,claude-haiku-4-5,1403.0,Medium,0.0,0.0,17.88387262312053,1.0,False,1.0,False
0.0,0.6,5,weak_first,1,0.2,10,True,True,23.133703692016777,0.0,23.133703692016777,-23.133703692016777,3,0.3333333333333333,75.62027704718068,23.133703692016777,23.133703692016777,0.0,0.30591931946484796,0.30591931946484796,0.75,gpt-5-nano,claude-haiku-4-5,1403.0,Medium,0.0,0.0,35.21,1.0,False,1.0,False
0.0,1.0,5,weak_first,2,0.4,10,True,True,1.142919462055545,-24.51602281942327,-23.373103357367725,-25.658942281478815,2,0.5,72.43894228147882,4.286896642632275,-23.373103357367725,27.66,0.05917944834112174,0.05917944834112174,0.5,gpt-5-nano,claude-haiku-4-5,1403.0,Medium,-0.9603193188953916,0.0,49.22539994758804,1.0,False,1.0,False
0.5,0.2,5,weak_first,0,0.0,10,False,True,0.0,0.0,0.0,0.0,1,0.0,31.046069443213657,0.0,0.0,0.0,0.0,0.0,1.0,gpt-5-nano,claude-haiku-4-5,1403.0,Medium,,,,,,,
0.5,0.6,5,weak_first,1,0.2,10,True,True,-0.13805967166051403,-3.0986353427871194,-3.2366950144476334,-2.9605756711266054,2,0.5,69.52991119113292,35.53330498555238,-3.2366950144476334,38.77000000000001,0.5110506309705153,0.5110506309705153,0.6666666666666666,gpt-5-nano,claude-haiku-4-5,1403.0,Medium,-1.007537243699632,-1.1799825711436567,27.454479388326515,0.9605257103058391,False,1.040179002663235,False
0.5,1.0,5,weak_first,3,0.6,10,True,True,-39.433455894776515,30.32673692446413,-9.106718970312386,69.76019281924064,3,0.6666666666666666,75.48074693842321,16.283281029687608,-9.106718970312386,25.389999999999993,0.21572760856449158,0.21572760856449158,0.3333333333333333,gpt-5-nano,claude-haiku-4-5,1403.0,Medium,-8.35998267479582,0.47962260902867826,28.828317272973287,7.311630243989078,True,0.4389397340581805,False
1.0,0.2,5,weak_first,0,0.0,10,False,True,0.0,0.0,0.0,0.0,1,0.0,60.244743687145345,0.0,0.0,0.0,0.0,0.0,1.0,gpt-5-nano,claude-haiku-4-5,1403.0,Medium,,,,,,,
1.0,0.6,5,weak_first,1,0.2,10,True,True,8.71851756821081,-14.911482431789189,-6.1929648635783785,-23.63,2,0.0,70.6071450460827,-2.122964863578378,-6.1929648635783785,4.07,0.0,-0.030067280899019447,1.0,gpt-5-nano,claude-haiku-4-5,1403.0,Medium,9.213529783545502,-13.047790133139591,20.082128871212834,0.5,False,10.0,True
1.0,1.0,5,weak_first,2,0.4,10,True,True,-11.059157721779478,-11.059157721779478,-22.118315443558956,0.0,5,0.4,84.89,23.821684556441042,-22.118315443558956,45.94,0.2806182654781605,0.2806182654781605,0.6,gpt-5-nano,claude-haiku-4-5,1403.0,Medium,-1.9284950185262393,-1.9284950185262393,28.633792972639863,1.0,False,1.0,False
0.0,0.2,5,strong_first,0,0.0,10,False,True,0.0,0.0,0.0,0.0,0,1.0,0.0,0.0,0.0,0.0,1.0,1.0,1.0,gpt-3.5-turbo-0125,gpt-5-nano,1338.0,Weak,,,,,,,
0.0,0.6,5,strong_first,1,0.2,10,True,True,28.263353918127834,-10.0,18.263353918127834,-38.263353918127834,2,0.5,52.779190001370104,18.833353918127834,18.263353918127834,0.5700000000000003,0.35683294718314046,0.35683294718314046,0.75,gpt-3.5-turbo-0125,gpt-5-nano,1338.0,Weak,0.5007074173295951,inf,23.973990072576573,0.0,False,1.6090133982947623,False
0.0,1.0,5,strong_first,2,0.4,10,True,True,-21.284614811027446,-3.2711998840649,-24.555814695092344,18.013414926962547,3,0.0,132.80581469509235,-23.355814695092345,-24.555814695092344,1.1999999999999993,0.0,-0.17586439832257905,1.0,gpt-3.5-turbo-0125,gpt-5-nano,1338.0,Weak,-0.0036932406092848673,-0.5218281930711423,16.95873132132631,5.5,True,0.9981777582746487,False
0.5,0.2,5,strong_first,1,0.2,10,True,True,-4.46877825236555,1.329571607298492,-3.139206645067058,5.798349859664042,0,1.0,0.0,-3.1392066450670573,-3.139206645067058,8.881784197001252e-16,0.0,0.0,1.0,gpt-3.5-turbo-0125,gpt-5-nano,1338.0,Weak,-0.8829693902915936,2.735856866778373,10.71365405345475,3.253244109436747,False,0.8173045316672908,False
0.5,0.6,5,strong_first,1,0.2,10,True,True,3.429127402191199,8.74019150793877,12.169318910129968,5.311064105747571,3,0.3333333333333333,68.78832135377579,12.169318910129967,12.169318910129968,-1.7763568394002505e-15,0.17690966534193517,0.17690966534193517,0.6666666666666666,gpt-3.5-turbo-0125,gpt-5-nano,1338.0,Weak,-0.6634963956064963,3.416789411721969,16.6905274891216,10.0,True,0.8373897253925662,False
0.5,1.0,5,strong_first,2,0.4,10,True,True,-12.522300785972254,-16.926222740626116,-29.448523526598372,-4.403921954653862,4,0.25,63.627418608132714,-4.5185235265983685,-29.448523526598372,24.930000000000003,0.0,-0.07101535195741575,0.75,gpt-3.5-turbo-0125,gpt-5-nano,1338.0,Weak,-87.0453485076936,-2.8677034672695876,21.1525631878377,0.9147597212055516,False,1.0846332799425014,False
1.0,0.2,5,strong_first,0,0.0,10,False,True,0.0,0.0,0.0,0.0,1,0.0,21.07489736450541,0.0,0.0,0.0,0.0,0.0,1.0,gpt-3.5-turbo-0125,gpt-5-nano,1338.0,Weak,,,,,,,
1.0,0.6,5,strong_first,2,0.4,10,True,True,-11.56833948543671,-15.998339485436706,-27.566678970873415,-4.429999999999996,2,0.0,59.73396479067904,-14.806678970873413,-27.566678970873415,12.760000000000002,0.0,-0.2478770498954703,0.6666666666666666,gpt-3.5-turbo-0125,gpt-5-nano,1338.0,Weak,-0.5625839539295852,-1.1609625651920241,48.77380905773098,5.25,True,5.25,True
1.0,1.0,5,strong_first,1,0.2,10,True,True,40.85031732734323,20.850317327343227,61.70063465468645,-20.0,2,0.5,114.8395145614988,66.13063465468645,61.70063465468645,4.429999999999993,0.5758526140344506,0.5758526140344506,0.5,gpt-3.5-turbo-0125,gpt-5-nano,1338.0,Weak,0.23544307538104983,-0.36942031673468484,43.21927521372842,0.5,False,10.0,True
0.0,0.2,5,weak_first,0,0.0,10,False,True,0.0,0.0,0.0,0.0,1,0.0,27.89948180856334,0.0,0.0,0.0,0.0,0.0,1.0,gpt-5-nano,gpt-3.5-turbo-0125,,,,,,,,,
0.0,0.6,5,weak_first,1,0.2,10,True,True,19.794584204884945,-20.94,-1.1454157951150563,-40.734584204884946,3,0.3333333333333333,71.00000230181266,11.544584204884949,-1.1454157951150563,12.690000000000005,0.16259977226212302,0.16259977226212302,0.6666666666666666,gpt-5-nano,gpt-3.5-turbo-0125,,,0.7146207999859459,inf,27.502474434130466,0.0,False,1.7752684191040355,False
0.0,1.0,5,weak_first,2,0.4,10,True,True,56.205048950202325,-5.300698578295815,50.90435037190651,-61.50574752849814,3,0.6666666666666666,66.96027112962423,65.91435037190651,50.90435037190651,15.009999999999998,0.9843799802468991,0.9843799802468991,0.3333333333333333,gpt-5-nano,gpt-3.5-turbo-0125,,,0.16595771966260855,-1.2993172035458938,31.418193773671966,0.5,False,1.5,False
0.5,0.2,5,weak_first,0,0.0,10,False,True,0.0,0.0,0.0,0.0,1,0.0,53.27244872976712,0.0,0.0,0.0,0.0,0.0,1.0,gpt-5-nano,gpt-3.5-turbo-0125,,,,,,,,,
0.5,0.6,5,weak_first,1,0.2,10,True,True,7.330436921997402,38.460081113783524,45.79051803578093,31.12964419178612,3,0.3333333333333333,90.92233545721623,45.79051803578092,45.79051803578093,-7.105427357601002e-15,0.5036223256421716,0.5036223256421716,0.6666666666666666,gpt-5-nano,gpt-3.5-turbo-0125,,,0.01631410197841118,-0.003050199019835811,19.536289114675128,0.988233018192016,False,1.0680172358843008,False
0.5,1.0,5,weak_first,1,0.2,10,True,True,-24.115938453244414,3.4991503957487984,-20.616788057495615,27.615088848993214,2,0.0,43.63334550040405,-20.616788057495615,-20.616788057495615,0.0,0.0,-0.47250074045559265,1.0,gpt-5-nano,gpt-3.5-turbo-0125,,,-0.611065898768859,1.619553924058527,18.93685020832244,10.0,True,0.7260555597527542,False
1.0,0.2,5,weak_first,0,0.0,10,False,True,0.0,0.0,0.0,0.0,1,0.0,75.62315424314359,0.0,0.0,0.0,0.0,0.0,1.0,gpt-5-nano,gpt-3.5-turbo-0125,,,,,,,,,
1.0,0.6,5,weak_first,1,0.2,10,True,True,-9.272815454150859,-8.972815454150854,-18.245630908301713,0.30000000000000426,3,0.3333333333333333,70.15910490852009,22.834369091698285,-18.245630908301713,41.08,0.3254655132996899,0.3254655132996899,0.75,gpt-5-nano,gpt-3.5-turbo-0125,,,-1.8121805701671088,-1.785904389836024,29.27162790143384,1.00365141187926,False,0.9963750604156598,False
1.0,1.0,5,weak_first,1,0.2,10,True,True,0.4732036144147429,22.903203614414743,23.376407228829486,22.43,4,0.25,80.80563995294831,23.376407228829486,23.376407228829486,0.0,0.2892917776833542,0.2892917776833542,0.75,gpt-5-nano,gpt-3.5-turbo-0125,,,-0.9595144275351984,0.9595144275351984,37.03672839223249,10.0,True,0.5,False
0.0,0.2,5,strong_first,0,0.0,10,False,True,0.0,0.0,0.0,0.0,1,0.0,3.0326412186587977,0.0,0.0,0.0,0.0,0.0,1.0,gpt-4o,gpt-5-nano,1338.0,Weak,,,,,,,
0.0,0.6,5,strong_first,1,0.2,10,True,True,-10.995298278813335,0.0,-10.995298278813335,10.995298278813335,2,0.0,71.94500899387788,-10.995298278813335,-10.995298278813335,0.0,0.0,-0.1528292015329232,1.0,gpt-4o,gpt-5-nano,1338.0,Weak,0.0,0.0,12.048443882925296,1.0,False,1.0,False
0.0,1.0,5,strong_first,3,0.6,10,True,True,-29.556855523372676,36.63,7.073144476627327,66.18685552337269,3,0.3333333333333333,83.21059721964639,7.073144476627334,7.073144476627327,7.105427357601002e-15,0.085002928869225,0.085002928869225,0.6666666666666666,gpt-4o,gpt-5-nano,1338.0,Weak,-1.1464050198396524e-09,9.250374127693578e-10,4.7919391992143114e-08,4.0,True,0.9999999996909792,False
0.5,0.2,5,strong_first,0,0.0,10,False,True,0.0,0.0,0.0,0.0,1,0.0,39.64286113466393,0.0,0.0,0.0,0.0,0.0,1.0,gpt-4o,gpt-5-nano,1338.0,Weak,,,,,,,
0.5,0.6,5,strong_first,0,0.0,10,False,True,0.0,0.0,0.0,0.0,3,0.0,63.72417732502295,0.0,0.0,0.0,0.0,0.0,1.0,gpt-4o,gpt-5-nano,1338.0,Weak,,,,,,,
0.5,1.0,5,strong_first,1,0.2,10,True,True,-15.921398900638893,0.8851896532920791,-15.036209247346815,16.806588553930972,3,0.0,128.7172399471922,-15.036209247346815,-15.036209247346815,0.0,0.0,-0.11681581467653905,1.0,gpt-4o,gpt-5-nano,1338.0,Weak,-0.12549416060629992,1.9945186653538909,14.446808728094915,10.0,True,0.9408049993520858,False
1.0,0.2,5,strong_first,0,0.0,10,False,True,0.0,0.0,0.0,0.0,1,0.0,36.448014411975485,0.0,0.0,0.0,0.0,0.0,1.0,gpt-4o,gpt-5-nano,1338.0,Weak,,,,,,,
1.0,0.6,5,strong_first,1,0.2,10,True,True,-18.106925089519436,-18.106925089519436,-36.21385017903887,0.0,2,0.0,76.02889952278738,-1.9638501790388716,-36.21385017903887,34.25,0.0,-0.025830311780986208,1.0,gpt-4o,gpt-5-nano,1338.0,Weak,-17.440230606981586,-17.440230606981586,29.926370478225387,1.0,False,1.0,False
1.0,1.0,5,strong_first,2,0.4,10,True,True,8.164682665881546,8.164682665881546,16.329365331763093,0.0,4,0.5,62.32210868755927,53.10936533176309,16.329365331763093,36.779999999999994,0.8521753587963041,0.8521753587963041,0.5,gpt-4o,gpt-5-nano,1338.0,Weak,-0.6925332240414291,-0.6925332240414291,42.83335732813855,1.0,False,1.0,False
0.0,0.2,5,weak_first,0,0.0,10,False,True,0.0,0.0,0.0,0.0,1,0.0,25.892628672651824,0.0,0.0,0.0,0.0,0.0,1.0,gpt-5-nano,gpt-4o,1346.0,Medium,,,,,,,
0.0,0.6,5,weak_first,0,0.0,10,False,True,0.0,0.0,0.0,0.0,3,0.0,58.59255719916492,0.0,0.0,0.0,0.0,0.0,1.0,gpt-5-nano,gpt-4o,1346.0,Medium,,,,,,,
0.0,1.0,5,weak_first,1,0.2,10,True,True,0.0,25.68149734287687,25.68149734287687,25.68149734287687,4,0.25,56.14835074651796,25.68149734287687,25.68149734287687,0.0,0.4573864949091048,0.4573864949091048,0.75,gpt-5-nano,gpt-4o,1346.0,Medium,0.0,0.0,40.0,1.0,False,1.0,False
0.5,0.2,5,weak_first,1,0.2,10,True,True,-6.0113043118447145,46.77272606097775,40.761421749133035,52.78403037282247,1,1.0,43.03142174913303,43.03142174913303,40.761421749133035,2.269999999999996,1.0,1.0,0.6666666666666666,gpt-5-nano,gpt-4o,1346.0,Medium,-1.946485905919599,0.27514777617680125,21.30214662306497,10.0,True,0.14759405588544358,False
0.5,0.6,5,weak_first,1,0.2,10,True,True,37.56863161651728,5.810503194588913,43.37913481110619,-31.75812842192837,2,0.5,73.93396230567548,52.97913481110619,43.37913481110619,9.600000000000001,0.7165737255101677,0.7165737255101677,0.75,gpt-5-nano,gpt-4o,1346.0,Medium,-0.018972802528057664,-0.6042952506161618,20.361495740887683,0.5543290203268275,False,1.4456709796731724,False
0.5,1.0,5,weak_first,4,0.8,10,True,True,35.68139837621956,-13.868168982803114,21.81322939341645,-49.549567359022674,2,1.0,34.24889026972778,21.81322939341645,21.81322939341645,0.0,0.6369032462548698,0.6369032462548698,0.0,gpt-5-nano,gpt-4o,1346.0,Medium,0.543847529415391,-9.677950747978048,42.91769879700474,5.35148654272613,True,5.394705424447241,True
1.0,0.2,5,weak_first,0,0.0,10,False,True,0.0,0.0,0.0,0.0,0,1.0,0.0,0.0,0.0,0.0,1.0,1.0,1.0,gpt-5-nano,gpt-4o,1346.0,Medium,,,,,,,
1.0,0.6,5,weak_first,2,0.4,10,True,True,-3.5951146803959126,12.214885319604084,8.619770639208172,15.809999999999997,3,0.6666666666666666,56.44889098572554,31.96977063920817,8.619770639208172,23.35,0.5663489588713532,0.5663489588713532,0.5,gpt-5-nano,gpt-4o,1346.0,Medium,-1.2249071299865264,-0.23584779775532208,29.152005076838197,5.562098501070664,True,0.7002572898799314,False
1.0,1.0,5,weak_first,3,0.6,10,True,True,-27.406830488019168,-44.59683048801917,-72.00366097603833,-17.190000000000005,3,0.3333333333333333,56.93988487381137,-16.133660976038335,-72.00366097603833,55.87,0.0,-0.28334551451576195,0.6666666666666666,gpt-5-nano,gpt-4o,1346.0,Medium,-2.3974719722601967,-4.528420431575232,35.832894105835216,0.9222283005105761,False,3.9420264002854086,True
0.0,0.2,5,strong_first,0,0.0,10,False,True,0.0,0.0,0.0,0.0,1,0.0,58.49978469328678,0.0,0.0,0.0,0.0,0.0,1.0,gpt-5-nano,gpt-5-nano,1338.0,Weak,,,,,,,
0.0,0.6,5,strong_first,0,0.0,10,False,True,0.0,0.0,0.0,0.0,3,0.0,68.48389822420697,0.0,0.0,0.0,0.0,0.0,1.0,gpt-5-nano,gpt-5-nano,1338.0,Weak,,,,,,,
0.0,1.0,5,strong_first,2,0.4,10,True,True,-0.15259586714659434,16.59763897885182,16.445043111705225,16.750234845998413,2,0.5,46.52531719228258,27.465043111705228,16.445043111705225,11.020000000000003,0.5903246827570476,0.5903246827570476,0.5,gpt-5-nano,gpt-5-nano,1338.0,Weak,0.0,-0.39902035103140265,25.57722424345535,1.0,False,1.0,False
0.5,0.2,5,strong_first,0,0.0,10,False,True,0.0,0.0,0.0,0.0,1,0.0,13.173765375387134,0.0,0.0,0.0,0.0,0.0,1.0,gpt-5-nano,gpt-5-nano,1338.0,Weak,,,,,,,
0.5,0.6,5,strong_first,1,0.2,10,True,True,8.39734626485815,-6.251150599358258,2.146195665499892,-14.648496864216408,3,0.0,54.84214470000785,2.1461956654998886,2.146195665499892,-3.552713678800501e-15,0.039134057889963984,0.039134057889963984,0.8,gpt-5-nano,gpt-5-nano,1338.0,Weak,17.253785661418274,-4.707323873372374,21.490269412121954,0.7856518193711907,False,10.0,True
0.5,1.0,5,strong_first,2,0.4,10,True,True,-35.195495387023,-23.81266390848984,-59.00815929551284,11.382831478533163,3,0.3333333333333333,78.06524167774077,0.3118407044871496,-59.00815929551284,59.31999999999999,0.003994616525680554,0.003994616525680554,0.6666666666666666,gpt-5-nano,gpt-5-nano,1338.0,Weak,-3.373373627492455,-0.640276411763947,44.16927115392643,1.460375131681428,False,0.5396248683185721,False
1.0,0.2,5,strong_first,1,0.2,10,True,True,10.316737093775876,10.316737093775876,20.63347418755175,0.0,1,1.0,34.353474187551754,34.353474187551754,20.63347418755175,13.720000000000002,1.0,1.0,0.6666666666666666,gpt-5-nano,gpt-5-nano,1338.0,Weak,-0.3993773650110634,-0.3993773650110634,9.701505037879432,1.0,False,1.0,False
1.0,0.6,5,strong_first,1,0.2,10,True,True,32.886102802959805,32.886102802959805,65.77220560591961,0.0,3,0.3333333333333333,115.03326010213745,79.26220560591962,65.77220560591961,13.490000000000009,0.6890372883072523,0.6890372883072523,0.6666666666666666,gpt-5-nano,gpt-5-nano,1338.0,Weak,-0.17019460784463109,-0.17019460784463109,9.538870478206526,1.0,False,1.0,False
1.0,1.0,5,strong_first,1,0.2,10,True,True,-8.607546585395276,7.702453414604722,-0.9050931707905541,16.31,2,0.0,105.44326200982312,-0.9050931707905541,-0.9050931707905541,0.0,0.0,-0.00858369850798276,1.0,gpt-5-nano,gpt-5-nano,1338.0,Weak,-18.02024424264965,18.02024424264965,40.08467599968846,10.0,True,0.5,False
0.0,0.2,5,weak_first,1,0.2,10,True,True,1.6586238332421532e-22,12.986475329231883,12.986475329231883,12.986475329231883,1,1.0,12.986475329231883,12.986475329231883,12.986475329231883,0.0,1.0,1.0,0.6666666666666666,gpt-5-nano,gpt-5-nano,1338.0,Weak,0.0,0.0,16.25,1.0,False,1.0,False
0.0,0.6,5,weak_first,1,0.2,10,True,True,0.0,-10.546022833785145,-10.546022833785145,-10.546022833785145,2,0.0,73.02900476087436,-10.546022833785145,-10.546022833785145,0.0,0.0,-0.14440868896292597,1.0,gpt-5-nano,gpt-5-nano,1338.0,Weak,0.0,0.0,20.825081032255312,1.0,False,1.0,False
0.0,1.0,5,weak_first,2,0.4,10,True,True,6.936948219423845,-20.161965649715572,-13.225017430291727,-27.098913869139416,4,0.25,60.62196395192895,-13.225017430291729,-13.225017430291727,-1.7763568394002505e-15,0.0,-0.21815554244957644,0.75,gpt-5-nano,gpt-5-nano,1338.0,Weak,4.776388810916633e-07,-1.6433691034809278e-07,6.080000000001806,0.9999999599352527,False,5.5,True
0.5,0.2,5,weak_first,0,0.0,10,False,True,0.0,0.0,0.0,0.0,1,0.0,48.572559340115305,0.0,0.0,0.0,0.0,0.0,1.0,gpt-5-nano,gpt-5-nano,1338.0,Weak,,,,,,,
0.5,0.6,5,weak_first,2,0.4,10,True,True,9.957063498546868,-5.716132053693032,4.240931444853835,-15.6731955522399,3,0.3333333333333333,62.039231424960214,23.49093144485384,4.240931444853835,19.250000000000004,0.3786463968894809,0.3786463968894809,0.5,gpt-5-nano,gpt-5-nano,1338.0,Weak,-0.2605183848817136,-1.5701304226639068,12.855622451887,0.6862204620528795,False,1.3137795379471204,False
0.5,1.0,5,weak_first,1,0.2,10,True,True,9.897594538779394,-17.562188897743567,-7.664594358964173,-27.45978343652296,4,0.25,85.48270543015741,27.07540564103583,-7.664594358964173,34.74,0.3167354788876851,0.3167354788876851,0.75,gpt-5-nano,gpt-5-nano,1338.0,Weak,-0.49376679599677836,-3.3341704838953623,34.02405751852926,0.5557776714111874,False,1.4442223285888127,False
1.0,0.2,5,weak_first,0,0.0,10,False,True,0.0,0.0,0.0,0.0,1,0.0,18.726822190105633,0.0,0.0,0.0,0.0,0.0,1.0,gpt-5-nano,gpt-5-nano,1338.0,Weak,,,,,,,
1.0,0.6,5,weak_first,1,0.2,10,True,True,17.34061398274613,17.34061398274613,34.68122796549226,0.0,3,0.3333333333333333,95.12979565535156,58.02122796549226,34.68122796549226,23.339999999999996,0.6099164574651145,0.6099164574651145,0.6666666666666666,gpt-5-nano,gpt-5-nano,1338.0,Weak,-0.4022665637804375,-0.4022665637804375,27.638500321110048,1.0,False,1.0,False
1.0,1.0,5,weak_first,0,0.0,10,False,True,0.0,0.0,0.0,0.0,2,0.0,95.31456423586296,0.0,0.0,0.0,0.0,0.0,1.0,gpt-5-nano,gpt-5-nano,1338.0,Weak,,,,,,,
0.0,0.2,5,strong_first,0,0.0,10,False,True,0.0,0.0,0.0,0.0,1,0.0,61.457444411691405,0.0,0.0,0.0,0.0,0.0,1.0,gpt-5.2-high,gpt-5-nano,1338.0,Weak,,,,,,,
0.0,0.6,5,strong_first,0,0.0,10,False,True,0.0,0.0,0.0,0.0,2,0.0,80.74203590352815,0.0,0.0,0.0,0.0,0.0,1.0,gpt-5.2-high,gpt-5-nano,1338.0,Weak,,,,,,,
0.0,1.0,5,strong_first,2,0.4,10,True,True,-37.889646671824565,35.70230218559861,-2.1873444862259532,73.59194885742318,3,0.3333333333333333,59.60219389019213,11.812655513774043,-2.1873444862259532,13.999999999999996,0.19819162253552347,0.19819162253552347,0.6666666666666666,gpt-5.2-high,gpt-5-nano,1338.0,Weak,-2.1867765054459833,0.5062799345833644,28.635642126552707,1.5,False,0.5,False
0.5,0.2,5,strong_first,0,0.0,10,False,True,0.0,0.0,0.0,0.0,0,1.0,0.0,0.0,0.0,0.0,1.0,1.0,1.0,gpt-5.2-high,gpt-5-nano,1338.0,Weak,,,,,,,
0.5,0.6,5,strong_first,1,0.2,10,True,True,3.4198454248835475,10.926178669608165,14.346024094491712,7.506333244724617,2,0.5,61.071231924675324,14.34602409449171,14.346024094491712,-1.7763568394002505e-15,0.23490641407374852,0.23490641407374852,0.6666666666666666,gpt-5.2-high,gpt-5-nano,1338.0,Weak,-0.6995876031389325,2.6885497853589495,15.98267462675297,10.0,True,0.7935185256908687,False
0.5,1.0,5,strong_first,3,0.6,10,True,True,-32.229618675339395,20.674424878587015,-11.55519379675238,52.904043553926414,4,0.5,64.77527291526623,17.164806203247625,-11.55519379675238,28.720000000000006,0.26499010240684334,0.26499010240684334,0.5,gpt-5.2-high,gpt-5-nano,1338.0,Weak,-5.782435732780526,-0.056682965429747885,24.74371194100161,4.091099505294917,True,3.815274262757194,True
1.0,0.2,5,strong_first,0,0.0,10,False,True,0.0,0.0,0.0,0.0,1,0.0,54.86539399249408,0.0,0.0,0.0,0.0,0.0,1.0,gpt-5.2-high,gpt-5-nano,1338.0,Weak,,,,,,,
1.0,0.6,5,strong_first,1,0.2,10,True,True,-10.311667938944524,27.338332061055475,17.02666412211095,37.65,3,0.3333333333333333,87.34673582578694,17.02666412211095,17.02666412211095,0.0,0.1949318879651168,0.1949318879651168,0.6666666666666666,gpt-5.2-high,gpt-5-nano,1338.0,Weak,-2.21123760532208,2.21123760532208,27.21692947413429,10.0,True,0.5,False
1.0,1.0,5,strong_first,2,0.4,10,True,True,-54.97843624834491,36.66156375165509,-18.316872496689825,91.64,1,0.0,26.78704796248448,-18.316872496689825,-18.316872496689825,0.0,0.0,-0.6837958599373393,1.0,gpt-5.2-high,gpt-5-nano,1338.0,Weak,-5.003037500892193,5.003037500892193,45.82354525786935,10.0,True,0.5,False
0.0,0.2,5,weak_first,0,0.0,10,False,True,0.0,0.0,0.0,0.0,0,1.0,0.0,0.0,0.0,0.0,1.0,1.0,1.0,gpt-5-nano,gpt-5.2-high,1436.0,Strong,,,,,,,
0.0,0.6,5,weak_first,0,0.0,10,False,True,0.0,0.0,0.0,0.0,2,0.0,51.887550248593065,0.0,0.0,0.0,0.0,0.0,1.0,gpt-5-nano,gpt-5.2-high,1436.0,Strong,,,,,,,
0.0,1.0,5,weak_first,2,0.4,10,True,True,16.937534194384597,7.1080379088950885,24.045572103279685,-9.829496285489508,4,0.25,106.51196209110492,39.97557210327969,24.045572103279685,15.930000000000003,0.3753153290809404,0.3753153290809404,0.6,gpt-5-nano,gpt-5.2-high,1436.0,Strong,-0.4846728052608715,2.499081831256549e-16,18.16048732826297,1.5,False,0.5,False
0.5,0.2,5,weak_first,0,0.0,10,False,True,0.0,0.0,0.0,0.0,0,1.0,0.0,0.0,0.0,0.0,1.0,1.0,1.0,gpt-5-nano,gpt-5.2-high,1436.0,Strong,,,,,,,
0.5,0.6,5,weak_first,1,0.2,10,True,True,26.96216939336454,4.308303589452546,31.270472982817086,-22.653865803911994,4,0.25,95.63400639486207,40.930472982817086,31.270472982817086,9.66,0.42799077990960416,0.42799077990960416,0.8,gpt-5-nano,gpt-5.2-high,1436.0,Strong,-0.1528023335210416,-0.5268382553417508,17.279122425492986,0.7258702438544011,False,1.1211387668969115,False
0.5,1.0,5,weak_first,2,0.4,10,True,True,-25.355449035000472,14.682207777195643,-10.673241257804829,40.03765681219612,3,0.6666666666666666,54.57272843914744,39.63675874219517,-10.673241257804829,50.31,0.7263107393721946,0.7263107393721946,0.3333333333333333,gpt-5-nano,gpt-5.2-high,1436.0,Strong,-2.9952971578253553,-0.4547839058547998,31.35376098221121,1.41671042958452,False,0.58328957041548,False
1.0,0.2,5,weak_first,1,0.2,10,True,True,15.146349682822866,26.316349682822867,41.46269936564573,11.170000000000002,1,0.0,45.666818797776415,44.022699365645735,41.46269936564573,2.5600000000000023,0.9639975046343553,0.9639975046343553,0.6666666666666666,gpt-5-nano,gpt-5.2-high,1436.0,Strong,-0.31188455496471823,0.19558091902740155,14.34559688545583,3.1816406249999996,False,0.5932265112891478,False
1.0,0.6,5,weak_first,1,0.2,10,True,True,-1.9725471505597447,-1.9725471505597447,-3.9450943011194894,0.0,3,0.3333333333333333,83.21913717273551,18.04490569888051,-3.9450943011194894,21.99,0.2168360104650596,0.2168360104650596,0.6666666666666666,gpt-5-nano,gpt-5.2-high,1436.0,Strong,-1.2186264847792605,-1.2186264847792605,25.030658201493623,1.0,False,1.0,False
1.0,1.0,5,weak_first,3,0.6,10,True,True,32.01110026610557,32.01110026610557,64.02220053221114,0.0,4,0.75,112.80536768498885,108.46220053221116,64.02220053221114,44.44000000000001,0.9614985772227961,0.9614985772227961,0.25,gpt-5-nano,gpt-5.2-high,1436.0,Strong,-0.4097279953932172,-0.4097279953932172,18.256382445599673,1.0,False,1.0,False
0.0,0.2,5,strong_first,0,0.0,10,False,True,0.0,0.0,0.0,0.0,1,0.0,18.387729505260694,0.0,0.0,0.0,0.0,0.0,1.0,o3-mini-high,gpt-5-nano,1338.0,Weak,,,,,,,
0.0,0.6,5,strong_first,0,0.0,10,False,True,0.0,0.0,0.0,0.0,3,0.0,49.33971911087081,0.0,0.0,0.0,0.0,0.0,1.0,o3-mini-high,gpt-5-nano,1338.0,Weak,,,,,,,
0.0,1.0,5,strong_first,1,0.2,10,True,True,53.04132525215668,3.821360768566043e-20,53.04132525215668,-53.04132525215668,3,0.3333333333333333,100.68663298064443,53.04132525215668,53.04132525215668,0.0,0.5267960967803256,0.5267960967803256,0.6666666666666666,o3-mini-high,gpt-5-nano,1338.0,Weak,0.0,0.0,3.62,1.0,False,1.0,False
0.5,0.2,5,strong_first,1,0.2,10,True,True,16.219432170429133,15.669279219578723,31.888711390007856,-0.5501529508504106,1,1.0,36.72871139000786,36.72871139000786,31.888711390007856,4.840000000000003,1.0,1.0,0.75,o3-mini-high,gpt-5-nano,1338.0,Weak,-0.12577650362437107,-0.13790205897243557,4.506956336824162,0.989729957346836,False,1.010270042653164,False
0.5,0.6,5,strong_first,2,0.4,10,True,True,34.350411215508146,-0.6075186723158374,33.74289254319231,-34.95792988782398,3,0.3333333333333333,90.98619557210216,33.74289254319231,33.74289254319231,0.0,0.3708572748978465,0.3708572748978465,0.6666666666666666,o3-mini-high,gpt-5-nano,1338.0,Weak,4.981095004140593e-05,-0.0028242316926729424,7.028641821478805,0.9999633474423021,False,5.5,True
0.5,1.0,5,strong_first,2,0.4,10,True,True,15.772658252683186,11.068600995235387,26.841259247918572,-4.704057257447799,3,0.6666666666666666,105.77178044449951,69.14125924791858,26.841259247918572,42.30000000000001,0.6536834206378735,0.6536834206378735,0.3333333333333333,o3-mini-high,gpt-5-nano,1338.0,Weak,-0.7074097578655887,-0.2734407984002748,38.160616580578036,5.213729943296886,True,1.0998927427170975,False
1.0,0.2,5,strong_first,1,0.2,10,True,True,30.903678125118727,30.903678125118727,61.807356250237454,0.0,1,1.0,64.32735625023746,64.32735625023746,61.807356250237454,2.520000000000003,1.0,1.0,0.5,o3-mini-high,gpt-5-nano,1338.0,Weak,-0.0391746240930071,-0.0391746240930071,1.7819090885900994,1.0,False,1.0,False
1.0,0.6,5,strong_first,2,0.4,10,True,True,16.784122497054703,7.154122497054704,23.938244994109407,-9.629999999999999,3,0.6666666666666666,68.61743471937567,44.248244994109406,23.938244994109407,20.31,0.6448542586162133,0.6448542586162133,0.5,o3-mini-high,gpt-5-nano,1338.0,Weak,-0.2413655050369068,-0.6766370056933511,20.70042270099816,0.8377646479566716,False,5.435040087463557,True
1.0,1.0,5,strong_first,2,0.4,10,True,True,1.1747967333306626,1.1747967333306626,2.349593466661325,0.0,4,0.5,52.60800505305116,30.419593466661325,2.349593466661325,28.07,0.5782312679597997,0.5782312679597997,0.6,o3-mini-high,gpt-5-nano,1338.0,Weak,-0.9227605237645142,-0.9227605237645142,38.305164795364085,1.0,False,1.0,False
0.0,0.2,5,weak_first,1,0.2,10,True,True,-6.698501108356446,2.7781025284991925e-10,-6.698501108078635,6.6985011086342565,0,1.0,0.0,-6.698501108078636,-6.698501108078635,-8.881784197001252e-16,0.0,0.0,1.0,gpt-5-nano,o3-mini-high,1364.0,Medium,-6.483562168129376e-11,2.775247730806491,19.21,10.0,True,0.9999999999766379,False
0.0,0.6,5,weak_first,2,0.4,10,True,True,-20.036516467325605,-9.080785221253807,-29.11730168857941,10.955731246071798,2,0.0,99.80567637915063,-29.11730168857941,-29.11730168857941,0.0,0.0,-0.2917399364938526,1.0,gpt-5-nano,o3-mini-high,1364.0,Medium,0.0,-3.9123419310538106e-16,3.552713678800501e-15,1.0,False,1.0,False
0.0,1.0,5,weak_first,1,0.2,10,True,True,1.5657418277018394e-21,3.7075668826521166,3.7075668826521166,3.7075668826521166,3,0.3333333333333333,116.09553079153758,3.7075668826521166,3.7075668826521166,0.0,0.03193548328151809,0.03193548328151809,0.6666666666666666,gpt-5-nano,o3-mini-high,1364.0,Medium,0.0,0.0,1.3320195563297137e-21,1.0,False,1.0,False
0.5,0.2,5,weak_first,0,0.0,10,False,True,0.0,0.0,0.0,0.0,1,0.0,36.66188057954717,0.0,0.0,0.0,0.0,0.0,1.0,gpt-5-nano,o3-mini-high,1364.0,Medium,,,,,,,
0.5,0.6,5,weak_first,1,0.2,10,True,True,29.82441779886701,1.2324479435726428,31.056865742439655,-28.591969855294366,3,0.3333333333333333,93.50495909992159,46.97686574243966,31.056865742439655,15.920000000000002,0.5023997250481558,0.5023997250481558,0.6666666666666666,gpt-5-nano,o3-mini-high,1364.0,Medium,-0.127071170714744,-0.903797260068924,22.745072694642207,0.5454150295441201,False,1.4545849704558798,False
0.5,1.0,5,weak_first,2,0.4,10,True,True,1.7114326252154406,11.165124450947838,12.876557076163278,9.453691825732397,4,0.5,50.4006396066333,40.856557076163284,12.876557076163278,27.980000000000004,0.8106356862738324,0.8106356862738324,0.5,gpt-5-nano,o3-mini-high,1364.0,Medium,-0.9254578978916753,-0.37615530472690295,23.886146880272353,5.456044557175332,True,0.9476791756237783,False
1.0,0.2,5,weak_first,1,0.2,10,True,True,20.71440233028582,20.71440233028582,41.42880466057164,0.0,1,1.0,45.38880466057164,45.38880466057164,41.42880466057164,3.9599999999999937,1.0,1.0,0.75,gpt-5-nano,o3-mini-high,1364.0,Medium,-0.08724618393486727,-0.08724618393486727,2.8001428534987287,1.0,False,1.0,False
1.0,0.6,5,weak_first,1,0.2,10,True,True,-6.763371281135431,18.25662871886457,11.493257437729138,25.02,3,0.3333333333333333,59.38589637487928,11.493257437729138,11.493257437729138,0.0,0.19353513442277315,0.19353513442277315,0.75,gpt-5-nano,o3-mini-high,1364.0,Medium,-2.1769285283618864,2.1769285283618864,22.419304181887536,10.0,True,0.5,False
1.0,1.0,5,weak_first,1,0.2,10,True,True,-25.4435320780551,12.5564679219449,-12.887064156110199,38.0,3,0.0,63.50367679527846,-2.887064156110199,-12.887064156110199,10.0,0.0,-0.04546294485305856,1.0,gpt-5-nano,o3-mini-high,1364.0,Medium,-16.625886161349246,9.698433594120393,43.41531527007491,2.9,False,0.6041666666666666,False
