experiment_group,config_id,run_name,game,n_agents,json_errors
homogeneous,889,config_0889_game1_homogeneous_adversary_n10_comp_0p25_gpt_4o_mini_2024_07_18_first_seed1,game1,10,9
homogeneous,2607,config_2607_game3_homogeneous_adversary_n10_sigma_0p2_alpha_0p8_amazon_nova_micro_v1p0_first_seed1,game3,10,9
homogeneous,2649,config_2649_game3_homogeneous_adversary_n10_sigma_0p5_alpha_0p2_amazon_nova_micro_v1p0_first_seed1,game3,10,9
heterogeneous,865,config_0865_game1_heterogeneous_random_n10_comp_0p0_run03,game1,10,8
heterogeneous,586,config_0586_game1_heterogeneous_random_n6_comp_0p75_run18,game1,6,7
homogeneous,849,config_0849_game1_homogeneous_adversary_n10_comp_0p0_gpt_4o_mini_2024_07_18_last_seed1,game1,10,7
homogeneous,2452,config_2452_game3_homogeneous_adversary_n8_sigma_0p2_alpha_0p8_gemini_2p5_pro_first_seed2,game3,8,7
homogeneous,2613,config_2613_game3_homogeneous_adversary_n10_sigma_0p2_alpha_0p8_gpt_4o_mini_2024_07_18_last_seed1,game3,10,7
heterogeneous,624,config_0624_game1_heterogeneous_random_n6_comp_1p0_run14,game1,6,6
homogeneous,1015,config_1015_game1_homogeneous_adversary_n10_comp_1p0_gpt_4o_mini_2024_07_18_first_seed1,game1,10,6
heterogeneous,700,config_0700_game1_heterogeneous_random_n8_comp_0p25_run06,game1,8,5
heterogeneous,708,config_0708_game1_heterogeneous_random_n8_comp_0p25_run14,game1,8,5
heterogeneous,710,config_0710_game1_heterogeneous_random_n8_comp_0p25_run16,game1,8,5
heterogeneous,1000,config_1000_game1_heterogeneous_random_n10_comp_0p75_run12,game1,10,5
homogeneous,679,config_0679_game1_homogeneous_adversary_n8_comp_0p25_gpt_4o_mini_2024_07_18_first_seed1,game1,8,5
homogeneous,806,config_0806_game1_homogeneous_adversary_n8_comp_1p0_gpt_4o_mini_2024_07_18_first_seed2,game1,8,5
homogeneous,931,config_0931_game1_homogeneous_adversary_n10_comp_0p5_gpt_4o_mini_2024_07_18_first_seed1,game1,10,5
homogeneous,2690,config_2690_game3_homogeneous_control_n10_sigma_0p5_alpha_0p8_seed2,game3,10,5
heterogeneous,372,config_0372_game1_heterogeneous_random_n4_comp_0p75_run14,game1,4,4
heterogeneous,414,config_0414_game1_heterogeneous_random_n4_comp_1p0_run14,game1,4,4
heterogeneous,416,config_0416_game1_heterogeneous_random_n4_comp_1p0_run16,game1,4,4
heterogeneous,487,config_0487_game1_heterogeneous_random_n6_comp_0p25_run03,game1,6,4
heterogeneous,535,config_0535_game1_heterogeneous_random_n6_comp_0p5_run09,game1,6,4
heterogeneous,616,config_0616_game1_heterogeneous_random_n6_comp_1p0_run06,game1,6,4
heterogeneous,629,config_0629_game1_heterogeneous_random_n6_comp_1p0_run19,game1,6,4
heterogeneous,711,config_0711_game1_heterogeneous_random_n8_comp_0p25_run17,game1,8,4
heterogeneous,737,config_0737_game1_heterogeneous_random_n8_comp_0p5_run01,game1,8,4
heterogeneous,742,config_0742_game1_heterogeneous_random_n8_comp_0p5_run06,game1,8,4
heterogeneous,747,config_0747_game1_heterogeneous_random_n8_comp_0p5_run11,game1,8,4
heterogeneous,750,config_0750_game1_heterogeneous_random_n8_comp_0p5_run14,game1,8,4
heterogeneous,751,config_0751_game1_heterogeneous_random_n8_comp_0p5_run15,game1,8,4
heterogeneous,786,config_0786_game1_heterogeneous_random_n8_comp_0p75_run08,game1,8,4
heterogeneous,828,config_0828_game1_heterogeneous_random_n8_comp_1p0_run08,game1,8,4
heterogeneous,840,config_0840_game1_heterogeneous_random_n8_comp_1p0_run20,game1,8,4
heterogeneous,912,config_0912_game1_heterogeneous_random_n10_comp_0p25_run08,game1,10,4
heterogeneous,993,config_0993_game1_heterogeneous_random_n10_comp_0p75_run05,game1,10,4
heterogeneous,1047,config_1047_game1_heterogeneous_random_n10_comp_1p0_run17,game1,10,4
heterogeneous,1251,config_1251_game2_heterogeneous_random_n4_rho_0p319802274228682_theta_0p2_run11,game2,4,4
heterogeneous,1596,config_1596_game2_heterogeneous_random_n8_rho_0p1365347919384111_theta_0p2_run20,game2,8,4
heterogeneous,1633,config_1633_game2_heterogeneous_random_n8_rho_0p1365347919384111_theta_0p8_run15,game2,8,4
heterogeneous,1759,config_1759_game2_heterogeneous_random_n10_rho_0p10615795122401363_theta_0p2_run15,game2,10,4
heterogeneous,2094,config_2094_game3_heterogeneous_random_n4_sigma_0p2_alpha_0p2_run14,game3,4,4
heterogeneous,2255,config_2255_game3_heterogeneous_random_n6_sigma_0p2_alpha_0p2_run07,game3,6,4
heterogeneous,2268,config_2268_game3_heterogeneous_random_n6_sigma_0p2_alpha_0p2_run20,game3,6,4
homogeneous,595,config_0595_game1_homogeneous_adversary_n6_comp_1p0_gpt_4o_mini_2024_07_18_first_seed1,game1,6,4
homogeneous,841,config_0841_game1_homogeneous_control_n10_comp_0p0_seed1,game1,10,4
homogeneous,843,config_0843_game1_homogeneous_adversary_n10_comp_0p0_amazon_nova_micro_v1p0_first_seed1,game1,10,4
homogeneous,1017,config_1017_game1_homogeneous_adversary_n10_comp_1p0_gpt_4o_mini_2024_07_18_last_seed1,game1,10,4
homogeneous,2406,config_2406_game3_homogeneous_adversary_n8_sigma_0p2_alpha_0p2_claude_sonnet_4_20250514_first_seed2,game3,8,4
homogeneous,2438,config_2438_game3_homogeneous_control_n8_sigma_0p2_alpha_0p8_seed2,game3,8,4
homogeneous,2448,config_2448_game3_homogeneous_adversary_n8_sigma_0p2_alpha_0p8_claude_sonnet_4_20250514_first_seed2,game3,8,4
homogeneous,2482,config_2482_game3_homogeneous_adversary_n8_sigma_0p5_alpha_0p2_amazon_nova_micro_v1p0_first_seed2,game3,8,4
homogeneous,2565,config_2565_game3_homogeneous_adversary_n10_sigma_0p2_alpha_0p2_amazon_nova_micro_v1p0_first_seed1,game3,10,4
homogeneous,2567,config_2567_game3_homogeneous_adversary_n10_sigma_0p2_alpha_0p2_amazon_nova_micro_v1p0_last_seed1,game3,10,4
homogeneous,2573,config_2573_game3_homogeneous_adversary_n10_sigma_0p2_alpha_0p2_claude_sonnet_4_20250514_first_seed1,game3,10,4
heterogeneous,336,config_0336_game1_heterogeneous_random_n4_comp_0p5_run20,game1,4,3
heterogeneous,359,config_0359_game1_heterogeneous_random_n4_comp_0p75_run01,game1,4,3
heterogeneous,415,config_0415_game1_heterogeneous_random_n4_comp_1p0_run15,game1,4,3
heterogeneous,417,config_0417_game1_heterogeneous_random_n4_comp_1p0_run17,game1,4,3
heterogeneous,419,config_0419_game1_heterogeneous_random_n4_comp_1p0_run19,game1,4,3
heterogeneous,462,config_0462_game1_heterogeneous_random_n6_comp_0p0_run20,game1,6,3
heterogeneous,492,config_0492_game1_heterogeneous_random_n6_comp_0p25_run08,game1,6,3
heterogeneous,533,config_0533_game1_heterogeneous_random_n6_comp_0p5_run07,game1,6,3
heterogeneous,541,config_0541_game1_heterogeneous_random_n6_comp_0p5_run15,game1,6,3
heterogeneous,546,config_0546_game1_heterogeneous_random_n6_comp_0p5_run20,game1,6,3
heterogeneous,581,config_0581_game1_heterogeneous_random_n6_comp_0p75_run13,game1,6,3
heterogeneous,582,config_0582_game1_heterogeneous_random_n6_comp_0p75_run14,game1,6,3
heterogeneous,583,config_0583_game1_heterogeneous_random_n6_comp_0p75_run15,game1,6,3
heterogeneous,584,config_0584_game1_heterogeneous_random_n6_comp_0p75_run16,game1,6,3
heterogeneous,620,config_0620_game1_heterogeneous_random_n6_comp_1p0_run10,game1,6,3
heterogeneous,627,config_0627_game1_heterogeneous_random_n6_comp_1p0_run17,game1,6,3
heterogeneous,655,config_0655_game1_heterogeneous_random_n8_comp_0p0_run03,game1,8,3
heterogeneous,667,config_0667_game1_heterogeneous_random_n8_comp_0p0_run15,game1,8,3
heterogeneous,698,config_0698_game1_heterogeneous_random_n8_comp_0p25_run04,game1,8,3
heterogeneous,713,config_0713_game1_heterogeneous_random_n8_comp_0p25_run19,game1,8,3
heterogeneous,779,config_0779_game1_heterogeneous_random_n8_comp_0p75_run01,game1,8,3
heterogeneous,790,config_0790_game1_heterogeneous_random_n8_comp_0p75_run12,game1,8,3
heterogeneous,794,config_0794_game1_heterogeneous_random_n8_comp_0p75_run16,game1,8,3
heterogeneous,797,config_0797_game1_heterogeneous_random_n8_comp_0p75_run19,game1,8,3
heterogeneous,827,config_0827_game1_heterogeneous_random_n8_comp_1p0_run07,game1,8,3
heterogeneous,839,config_0839_game1_heterogeneous_random_n8_comp_1p0_run19,game1,8,3
heterogeneous,908,config_0908_game1_heterogeneous_random_n10_comp_0p25_run04,game1,10,3
heterogeneous,917,config_0917_game1_heterogeneous_random_n10_comp_0p25_run13,game1,10,3
heterogeneous,949,config_0949_game1_heterogeneous_random_n10_comp_0p5_run03,game1,10,3
heterogeneous,955,config_0955_game1_heterogeneous_random_n10_comp_0p5_run09,game1,10,3
heterogeneous,992,config_0992_game1_heterogeneous_random_n10_comp_0p75_run04,game1,10,3
heterogeneous,1003,config_1003_game1_heterogeneous_random_n10_comp_0p75_run15,game1,10,3
heterogeneous,1031,config_1031_game1_heterogeneous_random_n10_comp_1p0_run01,game1,10,3
heterogeneous,1032,config_1032_game1_heterogeneous_random_n10_comp_1p0_run02,game1,10,3
heterogeneous,1033,config_1033_game1_heterogeneous_random_n10_comp_1p0_run03,game1,10,3
heterogeneous,1037,config_1037_game1_heterogeneous_random_n10_comp_1p0_run07,game1,10,3
heterogeneous,1046,config_1046_game1_heterogeneous_random_n10_comp_1p0_run16,game1,10,3
heterogeneous,1050,config_1050_game1_heterogeneous_random_n10_comp_1p0_run20,game1,10,3
heterogeneous,1250,config_1250_game2_heterogeneous_random_n4_rho_0p319802274228682_theta_0p2_run10,game2,4,3
heterogeneous,1631,config_1631_game2_heterogeneous_random_n8_rho_0p1365347919384111_theta_0p8_run13,game2,8,3
heterogeneous,1714,config_1714_game2_heterogeneous_random_n8_rho_0p9_theta_0p8_run12,game2,8,3
heterogeneous,1842,config_1842_game2_heterogeneous_random_n10_rho_0p9_theta_0p2_run14,game2,10,3
heterogeneous,2084,config_2084_game3_heterogeneous_random_n4_sigma_0p2_alpha_0p2_run04,game3,4,3
heterogeneous,2099,config_2099_game3_heterogeneous_random_n4_sigma_0p2_alpha_0p2_run19,game3,4,3
heterogeneous,2138,config_2138_game3_heterogeneous_random_n4_sigma_0p2_alpha_0p8_run16,game3,4,3
homogeneous,512,config_0512_game1_homogeneous_adversary_n6_comp_0p5_gpt_4o_mini_2024_07_18_first_seed2,game1,6,3
homogeneous,764,config_0764_game1_homogeneous_adversary_n8_comp_0p75_gpt_4o_mini_2024_07_18_first_seed2,game1,8,3
homogeneous,807,config_0807_game1_homogeneous_adversary_n8_comp_1p0_gpt_4o_mini_2024_07_18_last_seed1,game1,8,3
homogeneous,847,config_0847_game1_homogeneous_adversary_n10_comp_0p0_gpt_4o_mini_2024_07_18_first_seed1,game1,10,3
homogeneous,929,config_0929_game1_homogeneous_adversary_n10_comp_0p5_amazon_nova_micro_v1p0_last_seed1,game1,10,3
homogeneous,969,config_0969_game1_homogeneous_adversary_n10_comp_0p75_amazon_nova_micro_v1p0_first_seed1,game1,10,3
homogeneous,1016,config_1016_game1_homogeneous_adversary_n10_comp_1p0_gpt_4o_mini_2024_07_18_first_seed2,game1,10,3
homogeneous,2229,config_2229_game3_homogeneous_adversary_n6_sigma_0p2_alpha_0p2_amazon_nova_micro_v1p0_first_seed1,game3,6,3
homogeneous,2280,config_2280_game3_homogeneous_adversary_n6_sigma_0p2_alpha_0p8_claude_sonnet_4_20250514_first_seed2,game3,6,3
homogeneous,2281,config_2281_game3_homogeneous_adversary_n6_sigma_0p2_alpha_0p8_claude_sonnet_4_20250514_last_seed1,game3,6,3
homogeneous,2441,config_2441_game3_homogeneous_adversary_n8_sigma_0p2_alpha_0p8_amazon_nova_micro_v1p0_last_seed1,game3,8,3
homogeneous,2442,config_2442_game3_homogeneous_adversary_n8_sigma_0p2_alpha_0p8_amazon_nova_micro_v1p0_last_seed2,game3,8,3
homogeneous,2489,config_2489_game3_homogeneous_adversary_n8_sigma_0p5_alpha_0p2_claude_sonnet_4_20250514_first_seed1,game3,8,3
homogeneous,2577,config_2577_game3_homogeneous_adversary_n10_sigma_0p2_alpha_0p2_gemini_2p5_pro_first_seed1,game3,10,3
homogeneous,2608,config_2608_game3_homogeneous_adversary_n10_sigma_0p2_alpha_0p8_amazon_nova_micro_v1p0_first_seed2,game3,10,3
homogeneous,2609,config_2609_game3_homogeneous_adversary_n10_sigma_0p2_alpha_0p8_amazon_nova_micro_v1p0_last_seed1,game3,10,3
homogeneous,2611,config_2611_game3_homogeneous_adversary_n10_sigma_0p2_alpha_0p8_gpt_4o_mini_2024_07_18_first_seed1,game3,10,3
homogeneous,2622,config_2622_game3_homogeneous_adversary_n10_sigma_0p2_alpha_0p8_gemini_2p5_pro_last_seed2,game3,10,3
homogeneous,2648,config_2648_game3_homogeneous_control_n10_sigma_0p5_alpha_0p2_seed2,game3,10,3
homogeneous,2654,config_2654_game3_homogeneous_adversary_n10_sigma_0p5_alpha_0p2_gpt_4o_mini_2024_07_18_first_seed2,game3,10,3
heterogeneous,246,config_0246_game1_heterogeneous_random_n4_comp_0p0_run14,game1,4,2
heterogeneous,317,config_0317_game1_heterogeneous_random_n4_comp_0p5_run01,game1,4,2
heterogeneous,330,config_0330_game1_heterogeneous_random_n4_comp_0p5_run14,game1,4,2
heterogeneous,332,config_0332_game1_heterogeneous_random_n4_comp_0p5_run16,game1,4,2
heterogeneous,364,config_0364_game1_heterogeneous_random_n4_comp_0p75_run06,game1,4,2
heterogeneous,368,config_0368_game1_heterogeneous_random_n4_comp_0p75_run10,game1,4,2
heterogeneous,369,config_0369_game1_heterogeneous_random_n4_comp_0p75_run11,game1,4,2
heterogeneous,402,config_0402_game1_heterogeneous_random_n4_comp_1p0_run02,game1,4,2
heterogeneous,404,config_0404_game1_heterogeneous_random_n4_comp_1p0_run04,game1,4,2
heterogeneous,410,config_0410_game1_heterogeneous_random_n4_comp_1p0_run10,game1,4,2
heterogeneous,451,config_0451_game1_heterogeneous_random_n6_comp_0p0_run09,game1,6,2
heterogeneous,453,config_0453_game1_heterogeneous_random_n6_comp_0p0_run11,game1,6,2
heterogeneous,460,config_0460_game1_heterogeneous_random_n6_comp_0p0_run18,game1,6,2
heterogeneous,494,config_0494_game1_heterogeneous_random_n6_comp_0p25_run10,game1,6,2
heterogeneous,496,config_0496_game1_heterogeneous_random_n6_comp_0p25_run12,game1,6,2
heterogeneous,527,config_0527_game1_heterogeneous_random_n6_comp_0p5_run01,game1,6,2
heterogeneous,531,config_0531_game1_heterogeneous_random_n6_comp_0p5_run05,game1,6,2
heterogeneous,539,config_0539_game1_heterogeneous_random_n6_comp_0p5_run13,game1,6,2
heterogeneous,540,config_0540_game1_heterogeneous_random_n6_comp_0p5_run14,game1,6,2
heterogeneous,543,config_0543_game1_heterogeneous_random_n6_comp_0p5_run17,game1,6,2
heterogeneous,576,config_0576_game1_heterogeneous_random_n6_comp_0p75_run08,game1,6,2
heterogeneous,612,config_0612_game1_heterogeneous_random_n6_comp_1p0_run02,game1,6,2
heterogeneous,613,config_0613_game1_heterogeneous_random_n6_comp_1p0_run03,game1,6,2
heterogeneous,630,config_0630_game1_heterogeneous_random_n6_comp_1p0_run20,game1,6,2
heterogeneous,653,config_0653_game1_heterogeneous_random_n8_comp_0p0_run01,game1,8,2
heterogeneous,662,config_0662_game1_heterogeneous_random_n8_comp_0p0_run10,game1,8,2
heterogeneous,668,config_0668_game1_heterogeneous_random_n8_comp_0p0_run16,game1,8,2
heterogeneous,671,config_0671_game1_heterogeneous_random_n8_comp_0p0_run19,game1,8,2
heterogeneous,672,config_0672_game1_heterogeneous_random_n8_comp_0p0_run20,game1,8,2
heterogeneous,696,config_0696_game1_heterogeneous_random_n8_comp_0p25_run02,game1,8,2
heterogeneous,699,config_0699_game1_heterogeneous_random_n8_comp_0p25_run05,game1,8,2
heterogeneous,703,config_0703_game1_heterogeneous_random_n8_comp_0p25_run09,game1,8,2
heterogeneous,704,config_0704_game1_heterogeneous_random_n8_comp_0p25_run10,game1,8,2
heterogeneous,706,config_0706_game1_heterogeneous_random_n8_comp_0p25_run12,game1,8,2
heterogeneous,709,config_0709_game1_heterogeneous_random_n8_comp_0p25_run15,game1,8,2
heterogeneous,712,config_0712_game1_heterogeneous_random_n8_comp_0p25_run18,game1,8,2
heterogeneous,753,config_0753_game1_heterogeneous_random_n8_comp_0p5_run17,game1,8,2
heterogeneous,754,config_0754_game1_heterogeneous_random_n8_comp_0p5_run18,game1,8,2
heterogeneous,755,config_0755_game1_heterogeneous_random_n8_comp_0p5_run19,game1,8,2
heterogeneous,781,config_0781_game1_heterogeneous_random_n8_comp_0p75_run03,game1,8,2
heterogeneous,783,config_0783_game1_heterogeneous_random_n8_comp_0p75_run05,game1,8,2
heterogeneous,788,config_0788_game1_heterogeneous_random_n8_comp_0p75_run10,game1,8,2
heterogeneous,791,config_0791_game1_heterogeneous_random_n8_comp_0p75_run13,game1,8,2
heterogeneous,796,config_0796_game1_heterogeneous_random_n8_comp_0p75_run18,game1,8,2
heterogeneous,821,config_0821_game1_heterogeneous_random_n8_comp_1p0_run01,game1,8,2
heterogeneous,829,config_0829_game1_heterogeneous_random_n8_comp_1p0_run09,game1,8,2
heterogeneous,831,config_0831_game1_heterogeneous_random_n8_comp_1p0_run11,game1,8,2
heterogeneous,833,config_0833_game1_heterogeneous_random_n8_comp_1p0_run13,game1,8,2
heterogeneous,836,config_0836_game1_heterogeneous_random_n8_comp_1p0_run16,game1,8,2
heterogeneous,837,config_0837_game1_heterogeneous_random_n8_comp_1p0_run17,game1,8,2
heterogeneous,838,config_0838_game1_heterogeneous_random_n8_comp_1p0_run18,game1,8,2
heterogeneous,866,config_0866_game1_heterogeneous_random_n10_comp_0p0_run04,game1,10,2
heterogeneous,867,config_0867_game1_heterogeneous_random_n10_comp_0p0_run05,game1,10,2
heterogeneous,906,config_0906_game1_heterogeneous_random_n10_comp_0p25_run02,game1,10,2
heterogeneous,910,config_0910_game1_heterogeneous_random_n10_comp_0p25_run06,game1,10,2
heterogeneous,911,config_0911_game1_heterogeneous_random_n10_comp_0p25_run07,game1,10,2
heterogeneous,914,config_0914_game1_heterogeneous_random_n10_comp_0p25_run10,game1,10,2
heterogeneous,915,config_0915_game1_heterogeneous_random_n10_comp_0p25_run11,game1,10,2
heterogeneous,918,config_0918_game1_heterogeneous_random_n10_comp_0p25_run14,game1,10,2
heterogeneous,919,config_0919_game1_heterogeneous_random_n10_comp_0p25_run15,game1,10,2
heterogeneous,922,config_0922_game1_heterogeneous_random_n10_comp_0p25_run18,game1,10,2
heterogeneous,923,config_0923_game1_heterogeneous_random_n10_comp_0p25_run19,game1,10,2
heterogeneous,924,config_0924_game1_heterogeneous_random_n10_comp_0p25_run20,game1,10,2
heterogeneous,948,config_0948_game1_heterogeneous_random_n10_comp_0p5_run02,game1,10,2
heterogeneous,953,config_0953_game1_heterogeneous_random_n10_comp_0p5_run07,game1,10,2
heterogeneous,956,config_0956_game1_heterogeneous_random_n10_comp_0p5_run10,game1,10,2
heterogeneous,957,config_0957_game1_heterogeneous_random_n10_comp_0p5_run11,game1,10,2
heterogeneous,960,config_0960_game1_heterogeneous_random_n10_comp_0p5_run14,game1,10,2
heterogeneous,962,config_0962_game1_heterogeneous_random_n10_comp_0p5_run16,game1,10,2
heterogeneous,963,config_0963_game1_heterogeneous_random_n10_comp_0p5_run17,game1,10,2
heterogeneous,964,config_0964_game1_heterogeneous_random_n10_comp_0p5_run18,game1,10,2
heterogeneous,966,config_0966_game1_heterogeneous_random_n10_comp_0p5_run20,game1,10,2
heterogeneous,1004,config_1004_game1_heterogeneous_random_n10_comp_0p75_run16,game1,10,2
heterogeneous,1005,config_1005_game1_heterogeneous_random_n10_comp_0p75_run17,game1,10,2
heterogeneous,1045,config_1045_game1_heterogeneous_random_n10_comp_1p0_run15,game1,10,2
heterogeneous,1048,config_1048_game1_heterogeneous_random_n10_comp_1p0_run18,game1,10,2
heterogeneous,1049,config_1049_game1_heterogeneous_random_n10_comp_1p0_run19,game1,10,2
heterogeneous,1242,config_1242_game2_heterogeneous_random_n4_rho_0p319802274228682_theta_0p2_run02,game2,4,2
heterogeneous,1337,config_1337_game2_heterogeneous_random_n4_rho_0p9_theta_0p2_run13,game2,4,2
heterogeneous,1340,config_1340_game2_heterogeneous_random_n4_rho_0p9_theta_0p2_run16,game2,4,2
heterogeneous,1469,config_1469_game2_heterogeneous_random_n6_rho_0p19130568257555955_theta_0p8_run19,game2,6,2
heterogeneous,1508,config_1508_game2_heterogeneous_random_n6_rho_0p9_theta_0p2_run16,game2,6,2
heterogeneous,1619,config_1619_game2_heterogeneous_random_n8_rho_0p1365347919384111_theta_0p8_run01,game2,8,2
heterogeneous,1634,config_1634_game2_heterogeneous_random_n8_rho_0p1365347919384111_theta_0p8_run16,game2,8,2
heterogeneous,1635,config_1635_game2_heterogeneous_random_n8_rho_0p1365347919384111_theta_0p8_run17,game2,8,2
heterogeneous,1661,config_1661_game2_heterogeneous_random_n8_rho_0p9_theta_0p2_run01,game2,8,2
heterogeneous,1716,config_1716_game2_heterogeneous_random_n8_rho_0p9_theta_0p8_run14,game2,8,2
heterogeneous,1757,config_1757_game2_heterogeneous_random_n10_rho_0p10615795122401363_theta_0p2_run13,game2,10,2
heterogeneous,1763,config_1763_game2_heterogeneous_random_n10_rho_0p10615795122401363_theta_0p2_run19,game2,10,2
heterogeneous,1796,config_1796_game2_heterogeneous_random_n10_rho_0p10615795122401363_theta_0p8_run10,game2,10,2
heterogeneous,1805,config_1805_game2_heterogeneous_random_n10_rho_0p10615795122401363_theta_0p8_run19,game2,10,2
heterogeneous,1882,config_1882_game2_heterogeneous_random_n10_rho_0p9_theta_0p8_run12,game2,10,2
heterogeneous,1887,config_1887_game2_heterogeneous_random_n10_rho_0p9_theta_0p8_run17,game2,10,2
heterogeneous,1890,config_1890_game2_heterogeneous_random_n10_rho_0p9_theta_0p8_run20,game2,10,2
heterogeneous,2140,config_2140_game3_heterogeneous_random_n4_sigma_0p2_alpha_0p8_run18,game3,4,2
heterogeneous,2216,config_2216_game3_heterogeneous_random_n4_sigma_0p5_alpha_0p8_run10,game3,4,2
heterogeneous,2218,config_2218_game3_heterogeneous_random_n4_sigma_0p5_alpha_0p8_run12,game3,4,2
heterogeneous,2264,config_2264_game3_heterogeneous_random_n6_sigma_0p2_alpha_0p2_run16,game3,6,2
heterogeneous,2266,config_2266_game3_heterogeneous_random_n6_sigma_0p2_alpha_0p2_run18,game3,6,2
heterogeneous,2291,config_2291_game3_heterogeneous_random_n6_sigma_0p2_alpha_0p8_run01,game3,6,2
heterogeneous,2297,config_2297_game3_heterogeneous_random_n6_sigma_0p2_alpha_0p8_run07,game3,6,2
homogeneous,344,config_0344_game1_homogeneous_adversary_n4_comp_0p75_gpt_4o_mini_2024_07_18_first_seed2,game1,4,2
homogeneous,521,config_0521_game1_homogeneous_adversary_n6_comp_0p5_gemini_2p5_pro_last_seed1,game1,6,2
homogeneous,553,config_0553_game1_homogeneous_adversary_n6_comp_0p75_gpt_4o_mini_2024_07_18_first_seed1,game1,6,2
homogeneous,632,config_0632_game1_homogeneous_control_n8_comp_0p0_seed2,game1,8,2
homogeneous,633,config_0633_game1_homogeneous_adversary_n8_comp_0p0_amazon_nova_micro_v1p0_first_seed1,game1,8,2
homogeneous,681,config_0681_game1_homogeneous_adversary_n8_comp_0p25_gpt_4o_mini_2024_07_18_last_seed1,game1,8,2
homogeneous,682,config_0682_game1_homogeneous_adversary_n8_comp_0p25_gpt_4o_mini_2024_07_18_last_seed2,game1,8,2
homogeneous,757,config_0757_game1_homogeneous_control_n8_comp_0p75_seed1,game1,8,2
homogeneous,765,config_0765_game1_homogeneous_adversary_n8_comp_0p75_gpt_4o_mini_2024_07_18_last_seed1,game1,8,2
homogeneous,805,config_0805_game1_homogeneous_adversary_n8_comp_1p0_gpt_4o_mini_2024_07_18_first_seed1,game1,8,2
homogeneous,816,config_0816_game1_homogeneous_adversary_n8_comp_1p0_gemini_2p5_pro_last_seed2,game1,8,2
homogeneous,884,config_0884_game1_homogeneous_control_n10_comp_0p25_seed2,game1,10,2
homogeneous,895,config_0895_game1_homogeneous_adversary_n10_comp_0p25_claude_sonnet_4_20250514_last_seed1,game1,10,2
homogeneous,936,config_0936_game1_homogeneous_adversary_n10_comp_0p5_claude_sonnet_4_20250514_first_seed2,game1,10,2
homogeneous,937,config_0937_game1_homogeneous_adversary_n10_comp_0p5_claude_sonnet_4_20250514_last_seed1,game1,10,2
homogeneous,971,config_0971_game1_homogeneous_adversary_n10_comp_0p75_amazon_nova_micro_v1p0_last_seed1,game1,10,2
homogeneous,1013,config_1013_game1_homogeneous_adversary_n10_comp_1p0_amazon_nova_micro_v1p0_last_seed1,game1,10,2
homogeneous,1018,config_1018_game1_homogeneous_adversary_n10_comp_1p0_gpt_4o_mini_2024_07_18_last_seed2,game1,10,2
homogeneous,1028,config_1028_game1_homogeneous_adversary_n10_comp_1p0_gpt_5p4_high_first_seed2,game1,10,2
homogeneous,1402,config_1402_game2_homogeneous_adversary_n6_rho_0p19130568257555955_theta_0p2_gemini_2p5_pro_first_seed2,game2,6,2
homogeneous,1403,config_1403_game2_homogeneous_adversary_n6_rho_0p19130568257555955_theta_0p2_gemini_2p5_pro_last_seed1,game2,6,2
homogeneous,1695,config_1695_game2_homogeneous_adversary_n8_rho_0p9_theta_0p8_gemini_2p5_pro_first_seed1,game2,8,2
homogeneous,1776,config_1776_game2_homogeneous_adversary_n10_rho_0p10615795122401363_theta_0p8_claude_sonnet_4_20250514_first_seed2,game2,10,2
homogeneous,1781,config_1781_game2_homogeneous_adversary_n10_rho_0p10615795122401363_theta_0p8_gemini_2p5_pro_last_seed1,game2,10,2
homogeneous,2112,config_2112_game3_homogeneous_adversary_n4_sigma_0p2_alpha_0p8_claude_sonnet_4_20250514_first_seed2,game3,4,2
homogeneous,2202,config_2202_game3_homogeneous_adversary_n4_sigma_0p5_alpha_0p8_gemini_2p5_pro_last_seed2,game3,4,2
homogeneous,2232,config_2232_game3_homogeneous_adversary_n6_sigma_0p2_alpha_0p2_amazon_nova_micro_v1p0_last_seed2,game3,6,2
homogeneous,2242,config_2242_game3_homogeneous_adversary_n6_sigma_0p2_alpha_0p2_gemini_2p5_pro_first_seed2,game3,6,2
homogeneous,2282,config_2282_game3_homogeneous_adversary_n6_sigma_0p2_alpha_0p8_claude_sonnet_4_20250514_last_seed2,game3,6,2
homogeneous,2311,config_2311_game3_homogeneous_control_n6_sigma_0p5_alpha_0p2_seed1,game3,6,2
homogeneous,2313,config_2313_game3_homogeneous_adversary_n6_sigma_0p5_alpha_0p2_amazon_nova_micro_v1p0_first_seed1,game3,6,2
homogeneous,2443,config_2443_game3_homogeneous_adversary_n8_sigma_0p2_alpha_0p8_gpt_4o_mini_2024_07_18_first_seed1,game3,8,2
homogeneous,2480,config_2480_game3_homogeneous_control_n8_sigma_0p5_alpha_0p2_seed2,game3,8,2
homogeneous,2495,config_2495_game3_homogeneous_adversary_n8_sigma_0p5_alpha_0p2_gemini_2p5_pro_last_seed1,game3,8,2
homogeneous,2496,config_2496_game3_homogeneous_adversary_n8_sigma_0p5_alpha_0p2_gemini_2p5_pro_last_seed2,game3,8,2
homogeneous,2528,config_2528_game3_homogeneous_adversary_n8_sigma_0p5_alpha_0p8_gpt_4o_mini_2024_07_18_first_seed2,game3,8,2
homogeneous,2563,config_2563_game3_homogeneous_control_n10_sigma_0p2_alpha_0p2_seed1,game3,10,2
homogeneous,2564,config_2564_game3_homogeneous_control_n10_sigma_0p2_alpha_0p2_seed2,game3,10,2
homogeneous,2575,config_2575_game3_homogeneous_adversary_n10_sigma_0p2_alpha_0p2_claude_sonnet_4_20250514_last_seed1,game3,10,2
homogeneous,2612,config_2612_game3_homogeneous_adversary_n10_sigma_0p2_alpha_0p8_gpt_4o_mini_2024_07_18_first_seed2,game3,10,2
homogeneous,2695,config_2695_game3_homogeneous_adversary_n10_sigma_0p5_alpha_0p8_gpt_4o_mini_2024_07_18_first_seed1,game3,10,2
homogeneous,2698,config_2698_game3_homogeneous_adversary_n10_sigma_0p5_alpha_0p8_gpt_4o_mini_2024_07_18_last_seed2,game3,10,2
heterogeneous,234,config_0234_game1_heterogeneous_random_n4_comp_0p0_run02,game1,4,1
heterogeneous,235,config_0235_game1_heterogeneous_random_n4_comp_0p0_run03,game1,4,1
heterogeneous,240,config_0240_game1_heterogeneous_random_n4_comp_0p0_run08,game1,4,1
heterogeneous,241,config_0241_game1_heterogeneous_random_n4_comp_0p0_run09,game1,4,1
heterogeneous,244,config_0244_game1_heterogeneous_random_n4_comp_0p0_run12,game1,4,1
heterogeneous,245,config_0245_game1_heterogeneous_random_n4_comp_0p0_run13,game1,4,1
heterogeneous,250,config_0250_game1_heterogeneous_random_n4_comp_0p0_run18,game1,4,1
heterogeneous,252,config_0252_game1_heterogeneous_random_n4_comp_0p0_run20,game1,4,1
heterogeneous,275,config_0275_game1_heterogeneous_random_n4_comp_0p25_run01,game1,4,1
heterogeneous,278,config_0278_game1_heterogeneous_random_n4_comp_0p25_run04,game1,4,1
heterogeneous,280,config_0280_game1_heterogeneous_random_n4_comp_0p25_run06,game1,4,1
heterogeneous,281,config_0281_game1_heterogeneous_random_n4_comp_0p25_run07,game1,4,1
heterogeneous,285,config_0285_game1_heterogeneous_random_n4_comp_0p25_run11,game1,4,1
heterogeneous,287,config_0287_game1_heterogeneous_random_n4_comp_0p25_run13,game1,4,1
heterogeneous,291,config_0291_game1_heterogeneous_random_n4_comp_0p25_run17,game1,4,1
heterogeneous,293,config_0293_game1_heterogeneous_random_n4_comp_0p25_run19,game1,4,1
heterogeneous,325,config_0325_game1_heterogeneous_random_n4_comp_0p5_run09,game1,4,1
heterogeneous,326,config_0326_game1_heterogeneous_random_n4_comp_0p5_run10,game1,4,1
heterogeneous,328,config_0328_game1_heterogeneous_random_n4_comp_0p5_run12,game1,4,1
heterogeneous,329,config_0329_game1_heterogeneous_random_n4_comp_0p5_run13,game1,4,1
heterogeneous,331,config_0331_game1_heterogeneous_random_n4_comp_0p5_run15,game1,4,1
heterogeneous,363,config_0363_game1_heterogeneous_random_n4_comp_0p75_run05,game1,4,1
heterogeneous,366,config_0366_game1_heterogeneous_random_n4_comp_0p75_run08,game1,4,1
heterogeneous,367,config_0367_game1_heterogeneous_random_n4_comp_0p75_run09,game1,4,1
heterogeneous,370,config_0370_game1_heterogeneous_random_n4_comp_0p75_run12,game1,4,1
heterogeneous,371,config_0371_game1_heterogeneous_random_n4_comp_0p75_run13,game1,4,1
heterogeneous,373,config_0373_game1_heterogeneous_random_n4_comp_0p75_run15,game1,4,1
heterogeneous,375,config_0375_game1_heterogeneous_random_n4_comp_0p75_run17,game1,4,1
heterogeneous,411,config_0411_game1_heterogeneous_random_n4_comp_1p0_run11,game1,4,1
heterogeneous,413,config_0413_game1_heterogeneous_random_n4_comp_1p0_run13,game1,4,1
heterogeneous,448,config_0448_game1_heterogeneous_random_n6_comp_0p0_run06,game1,6,1
heterogeneous,449,config_0449_game1_heterogeneous_random_n6_comp_0p0_run07,game1,6,1
heterogeneous,456,config_0456_game1_heterogeneous_random_n6_comp_0p0_run14,game1,6,1
heterogeneous,458,config_0458_game1_heterogeneous_random_n6_comp_0p0_run16,game1,6,1
heterogeneous,488,config_0488_game1_heterogeneous_random_n6_comp_0p25_run04,game1,6,1
heterogeneous,489,config_0489_game1_heterogeneous_random_n6_comp_0p25_run05,game1,6,1
heterogeneous,493,config_0493_game1_heterogeneous_random_n6_comp_0p25_run09,game1,6,1
heterogeneous,495,config_0495_game1_heterogeneous_random_n6_comp_0p25_run11,game1,6,1
heterogeneous,498,config_0498_game1_heterogeneous_random_n6_comp_0p25_run14,game1,6,1
heterogeneous,499,config_0499_game1_heterogeneous_random_n6_comp_0p25_run15,game1,6,1
heterogeneous,501,config_0501_game1_heterogeneous_random_n6_comp_0p25_run17,game1,6,1
heterogeneous,502,config_0502_game1_heterogeneous_random_n6_comp_0p25_run18,game1,6,1
heterogeneous,503,config_0503_game1_heterogeneous_random_n6_comp_0p25_run19,game1,6,1
heterogeneous,534,config_0534_game1_heterogeneous_random_n6_comp_0p5_run08,game1,6,1
heterogeneous,542,config_0542_game1_heterogeneous_random_n6_comp_0p5_run16,game1,6,1
heterogeneous,569,config_0569_game1_heterogeneous_random_n6_comp_0p75_run01,game1,6,1
heterogeneous,570,config_0570_game1_heterogeneous_random_n6_comp_0p75_run02,game1,6,1
heterogeneous,571,config_0571_game1_heterogeneous_random_n6_comp_0p75_run03,game1,6,1
heterogeneous,579,config_0579_game1_heterogeneous_random_n6_comp_0p75_run11,game1,6,1
heterogeneous,587,config_0587_game1_heterogeneous_random_n6_comp_0p75_run19,game1,6,1
heterogeneous,588,config_0588_game1_heterogeneous_random_n6_comp_0p75_run20,game1,6,1
heterogeneous,611,config_0611_game1_heterogeneous_random_n6_comp_1p0_run01,game1,6,1
heterogeneous,614,config_0614_game1_heterogeneous_random_n6_comp_1p0_run04,game1,6,1
heterogeneous,621,config_0621_game1_heterogeneous_random_n6_comp_1p0_run11,game1,6,1
heterogeneous,622,config_0622_game1_heterogeneous_random_n6_comp_1p0_run12,game1,6,1
heterogeneous,623,config_0623_game1_heterogeneous_random_n6_comp_1p0_run13,game1,6,1
heterogeneous,625,config_0625_game1_heterogeneous_random_n6_comp_1p0_run15,game1,6,1
heterogeneous,628,config_0628_game1_heterogeneous_random_n6_comp_1p0_run18,game1,6,1
heterogeneous,657,config_0657_game1_heterogeneous_random_n8_comp_0p0_run05,game1,8,1
heterogeneous,658,config_0658_game1_heterogeneous_random_n8_comp_0p0_run06,game1,8,1
heterogeneous,659,config_0659_game1_heterogeneous_random_n8_comp_0p0_run07,game1,8,1
heterogeneous,660,config_0660_game1_heterogeneous_random_n8_comp_0p0_run08,game1,8,1
heterogeneous,665,config_0665_game1_heterogeneous_random_n8_comp_0p0_run13,game1,8,1
heterogeneous,666,config_0666_game1_heterogeneous_random_n8_comp_0p0_run14,game1,8,1
heterogeneous,669,config_0669_game1_heterogeneous_random_n8_comp_0p0_run17,game1,8,1
heterogeneous,670,config_0670_game1_heterogeneous_random_n8_comp_0p0_run18,game1,8,1
heterogeneous,697,config_0697_game1_heterogeneous_random_n8_comp_0p25_run03,game1,8,1
heterogeneous,701,config_0701_game1_heterogeneous_random_n8_comp_0p25_run07,game1,8,1
heterogeneous,702,config_0702_game1_heterogeneous_random_n8_comp_0p25_run08,game1,8,1
heterogeneous,714,config_0714_game1_heterogeneous_random_n8_comp_0p25_run20,game1,8,1
heterogeneous,738,config_0738_game1_heterogeneous_random_n8_comp_0p5_run02,game1,8,1
heterogeneous,739,config_0739_game1_heterogeneous_random_n8_comp_0p5_run03,game1,8,1
heterogeneous,740,config_0740_game1_heterogeneous_random_n8_comp_0p5_run04,game1,8,1
heterogeneous,741,config_0741_game1_heterogeneous_random_n8_comp_0p5_run05,game1,8,1
heterogeneous,744,config_0744_game1_heterogeneous_random_n8_comp_0p5_run08,game1,8,1
heterogeneous,745,config_0745_game1_heterogeneous_random_n8_comp_0p5_run09,game1,8,1
heterogeneous,746,config_0746_game1_heterogeneous_random_n8_comp_0p5_run10,game1,8,1
heterogeneous,756,config_0756_game1_heterogeneous_random_n8_comp_0p5_run20,game1,8,1
heterogeneous,780,config_0780_game1_heterogeneous_random_n8_comp_0p75_run02,game1,8,1
heterogeneous,784,config_0784_game1_heterogeneous_random_n8_comp_0p75_run06,game1,8,1
heterogeneous,787,config_0787_game1_heterogeneous_random_n8_comp_0p75_run09,game1,8,1
heterogeneous,789,config_0789_game1_heterogeneous_random_n8_comp_0p75_run11,game1,8,1
heterogeneous,792,config_0792_game1_heterogeneous_random_n8_comp_0p75_run14,game1,8,1
heterogeneous,793,config_0793_game1_heterogeneous_random_n8_comp_0p75_run15,game1,8,1
heterogeneous,795,config_0795_game1_heterogeneous_random_n8_comp_0p75_run17,game1,8,1
heterogeneous,822,config_0822_game1_heterogeneous_random_n8_comp_1p0_run02,game1,8,1
heterogeneous,824,config_0824_game1_heterogeneous_random_n8_comp_1p0_run04,game1,8,1
heterogeneous,825,config_0825_game1_heterogeneous_random_n8_comp_1p0_run05,game1,8,1
heterogeneous,826,config_0826_game1_heterogeneous_random_n8_comp_1p0_run06,game1,8,1
heterogeneous,830,config_0830_game1_heterogeneous_random_n8_comp_1p0_run10,game1,8,1
heterogeneous,832,config_0832_game1_heterogeneous_random_n8_comp_1p0_run12,game1,8,1
heterogeneous,834,config_0834_game1_heterogeneous_random_n8_comp_1p0_run14,game1,8,1
heterogeneous,835,config_0835_game1_heterogeneous_random_n8_comp_1p0_run15,game1,8,1
heterogeneous,864,config_0864_game1_heterogeneous_random_n10_comp_0p0_run02,game1,10,1
heterogeneous,869,config_0869_game1_heterogeneous_random_n10_comp_0p0_run07,game1,10,1
heterogeneous,870,config_0870_game1_heterogeneous_random_n10_comp_0p0_run08,game1,10,1
heterogeneous,871,config_0871_game1_heterogeneous_random_n10_comp_0p0_run09,game1,10,1
heterogeneous,874,config_0874_game1_heterogeneous_random_n10_comp_0p0_run12,game1,10,1
heterogeneous,875,config_0875_game1_heterogeneous_random_n10_comp_0p0_run13,game1,10,1
heterogeneous,878,config_0878_game1_heterogeneous_random_n10_comp_0p0_run16,game1,10,1
heterogeneous,879,config_0879_game1_heterogeneous_random_n10_comp_0p0_run17,game1,10,1
heterogeneous,881,config_0881_game1_heterogeneous_random_n10_comp_0p0_run19,game1,10,1
heterogeneous,882,config_0882_game1_heterogeneous_random_n10_comp_0p0_run20,game1,10,1
heterogeneous,909,config_0909_game1_heterogeneous_random_n10_comp_0p25_run05,game1,10,1
heterogeneous,916,config_0916_game1_heterogeneous_random_n10_comp_0p25_run12,game1,10,1
heterogeneous,920,config_0920_game1_heterogeneous_random_n10_comp_0p25_run16,game1,10,1
heterogeneous,921,config_0921_game1_heterogeneous_random_n10_comp_0p25_run17,game1,10,1
heterogeneous,947,config_0947_game1_heterogeneous_random_n10_comp_0p5_run01,game1,10,1
heterogeneous,950,config_0950_game1_heterogeneous_random_n10_comp_0p5_run04,game1,10,1
heterogeneous,951,config_0951_game1_heterogeneous_random_n10_comp_0p5_run05,game1,10,1
heterogeneous,958,config_0958_game1_heterogeneous_random_n10_comp_0p5_run12,game1,10,1
heterogeneous,959,config_0959_game1_heterogeneous_random_n10_comp_0p5_run13,game1,10,1
heterogeneous,965,config_0965_game1_heterogeneous_random_n10_comp_0p5_run19,game1,10,1
heterogeneous,990,config_0990_game1_heterogeneous_random_n10_comp_0p75_run02,game1,10,1
heterogeneous,991,config_0991_game1_heterogeneous_random_n10_comp_0p75_run03,game1,10,1
heterogeneous,995,config_0995_game1_heterogeneous_random_n10_comp_0p75_run07,game1,10,1
heterogeneous,997,config_0997_game1_heterogeneous_random_n10_comp_0p75_run09,game1,10,1
heterogeneous,998,config_0998_game1_heterogeneous_random_n10_comp_0p75_run10,game1,10,1
heterogeneous,999,config_0999_game1_heterogeneous_random_n10_comp_0p75_run11,game1,10,1
heterogeneous,1001,config_1001_game1_heterogeneous_random_n10_comp_0p75_run13,game1,10,1
heterogeneous,1002,config_1002_game1_heterogeneous_random_n10_comp_0p75_run14,game1,10,1
heterogeneous,1008,config_1008_game1_heterogeneous_random_n10_comp_0p75_run20,game1,10,1
heterogeneous,1034,config_1034_game1_heterogeneous_random_n10_comp_1p0_run04,game1,10,1
heterogeneous,1035,config_1035_game1_heterogeneous_random_n10_comp_1p0_run05,game1,10,1
heterogeneous,1038,config_1038_game1_heterogeneous_random_n10_comp_1p0_run08,game1,10,1
heterogeneous,1039,config_1039_game1_heterogeneous_random_n10_comp_1p0_run09,game1,10,1
heterogeneous,1040,config_1040_game1_heterogeneous_random_n10_comp_1p0_run10,game1,10,1
heterogeneous,1042,config_1042_game1_heterogeneous_random_n10_comp_1p0_run12,game1,10,1
heterogeneous,1043,config_1043_game1_heterogeneous_random_n10_comp_1p0_run13,game1,10,1
heterogeneous,1044,config_1044_game1_heterogeneous_random_n10_comp_1p0_run14,game1,10,1
heterogeneous,1256,config_1256_game2_heterogeneous_random_n4_rho_0p319802274228682_theta_0p2_run16,game2,4,1
heterogeneous,1257,config_1257_game2_heterogeneous_random_n4_rho_0p319802274228682_theta_0p2_run17,game2,4,1
heterogeneous,1259,config_1259_game2_heterogeneous_random_n4_rho_0p319802274228682_theta_0p2_run19,game2,4,1
heterogeneous,1260,config_1260_game2_heterogeneous_random_n4_rho_0p319802274228682_theta_0p2_run20,game2,4,1
heterogeneous,1284,config_1284_game2_heterogeneous_random_n4_rho_0p319802274228682_theta_0p8_run02,game2,4,1
heterogeneous,1292,config_1292_game2_heterogeneous_random_n4_rho_0p319802274228682_theta_0p8_run10,game2,4,1
heterogeneous,1299,config_1299_game2_heterogeneous_random_n4_rho_0p319802274228682_theta_0p8_run17,game2,4,1
heterogeneous,1301,config_1301_game2_heterogeneous_random_n4_rho_0p319802274228682_theta_0p8_run19,game2,4,1
heterogeneous,1327,config_1327_game2_heterogeneous_random_n4_rho_0p9_theta_0p2_run03,game2,4,1
heterogeneous,1329,config_1329_game2_heterogeneous_random_n4_rho_0p9_theta_0p2_run05,game2,4,1
heterogeneous,1341,config_1341_game2_heterogeneous_random_n4_rho_0p9_theta_0p2_run17,game2,4,1
heterogeneous,1343,config_1343_game2_heterogeneous_random_n4_rho_0p9_theta_0p2_run19,game2,4,1
heterogeneous,1384,config_1384_game2_heterogeneous_random_n4_rho_0p9_theta_0p8_run18,game2,4,1
heterogeneous,1410,config_1410_game2_heterogeneous_random_n6_rho_0p19130568257555955_theta_0p2_run02,game2,6,1
heterogeneous,1412,config_1412_game2_heterogeneous_random_n6_rho_0p19130568257555955_theta_0p2_run04,game2,6,1
heterogeneous,1419,config_1419_game2_heterogeneous_random_n6_rho_0p19130568257555955_theta_0p2_run11,game2,6,1
heterogeneous,1458,config_1458_game2_heterogeneous_random_n6_rho_0p19130568257555955_theta_0p8_run08,game2,6,1
heterogeneous,1464,config_1464_game2_heterogeneous_random_n6_rho_0p19130568257555955_theta_0p8_run14,game2,6,1
heterogeneous,1465,config_1465_game2_heterogeneous_random_n6_rho_0p19130568257555955_theta_0p8_run15,game2,6,1
heterogeneous,1467,config_1467_game2_heterogeneous_random_n6_rho_0p19130568257555955_theta_0p8_run17,game2,6,1
heterogeneous,1493,config_1493_game2_heterogeneous_random_n6_rho_0p9_theta_0p2_run01,game2,6,1
heterogeneous,1494,config_1494_game2_heterogeneous_random_n6_rho_0p9_theta_0p2_run02,game2,6,1
heterogeneous,1504,config_1504_game2_heterogeneous_random_n6_rho_0p9_theta_0p2_run12,game2,6,1
heterogeneous,1542,config_1542_game2_heterogeneous_random_n6_rho_0p9_theta_0p8_run08,game2,6,1
heterogeneous,1543,config_1543_game2_heterogeneous_random_n6_rho_0p9_theta_0p8_run09,game2,6,1
heterogeneous,1549,config_1549_game2_heterogeneous_random_n6_rho_0p9_theta_0p8_run15,game2,6,1
heterogeneous,1550,config_1550_game2_heterogeneous_random_n6_rho_0p9_theta_0p8_run16,game2,6,1
heterogeneous,1553,config_1553_game2_heterogeneous_random_n6_rho_0p9_theta_0p8_run19,game2,6,1
heterogeneous,1580,config_1580_game2_heterogeneous_random_n8_rho_0p1365347919384111_theta_0p2_run04,game2,8,1
heterogeneous,1581,config_1581_game2_heterogeneous_random_n8_rho_0p1365347919384111_theta_0p2_run05,game2,8,1
heterogeneous,1585,config_1585_game2_heterogeneous_random_n8_rho_0p1365347919384111_theta_0p2_run09,game2,8,1
heterogeneous,1586,config_1586_game2_heterogeneous_random_n8_rho_0p1365347919384111_theta_0p2_run10,game2,8,1
heterogeneous,1588,config_1588_game2_heterogeneous_random_n8_rho_0p1365347919384111_theta_0p2_run12,game2,8,1
heterogeneous,1589,config_1589_game2_heterogeneous_random_n8_rho_0p1365347919384111_theta_0p2_run13,game2,8,1
heterogeneous,1590,config_1590_game2_heterogeneous_random_n8_rho_0p1365347919384111_theta_0p2_run14,game2,8,1
heterogeneous,1594,config_1594_game2_heterogeneous_random_n8_rho_0p1365347919384111_theta_0p2_run18,game2,8,1
heterogeneous,1620,config_1620_game2_heterogeneous_random_n8_rho_0p1365347919384111_theta_0p8_run02,game2,8,1
heterogeneous,1632,config_1632_game2_heterogeneous_random_n8_rho_0p1365347919384111_theta_0p8_run14,game2,8,1
heterogeneous,1636,config_1636_game2_heterogeneous_random_n8_rho_0p1365347919384111_theta_0p8_run18,game2,8,1
heterogeneous,1638,config_1638_game2_heterogeneous_random_n8_rho_0p1365347919384111_theta_0p8_run20,game2,8,1
heterogeneous,1665,config_1665_game2_heterogeneous_random_n8_rho_0p9_theta_0p2_run05,game2,8,1
heterogeneous,1671,config_1671_game2_heterogeneous_random_n8_rho_0p9_theta_0p2_run11,game2,8,1
heterogeneous,1673,config_1673_game2_heterogeneous_random_n8_rho_0p9_theta_0p2_run13,game2,8,1
heterogeneous,1676,config_1676_game2_heterogeneous_random_n8_rho_0p9_theta_0p2_run16,game2,8,1
heterogeneous,1677,config_1677_game2_heterogeneous_random_n8_rho_0p9_theta_0p2_run17,game2,8,1
heterogeneous,1678,config_1678_game2_heterogeneous_random_n8_rho_0p9_theta_0p2_run18,game2,8,1
heterogeneous,1680,config_1680_game2_heterogeneous_random_n8_rho_0p9_theta_0p2_run20,game2,8,1
heterogeneous,1711,config_1711_game2_heterogeneous_random_n8_rho_0p9_theta_0p8_run09,game2,8,1
heterogeneous,1718,config_1718_game2_heterogeneous_random_n8_rho_0p9_theta_0p8_run16,game2,8,1
heterogeneous,1720,config_1720_game2_heterogeneous_random_n8_rho_0p9_theta_0p8_run18,game2,8,1
heterogeneous,1721,config_1721_game2_heterogeneous_random_n8_rho_0p9_theta_0p8_run19,game2,8,1
heterogeneous,1749,config_1749_game2_heterogeneous_random_n10_rho_0p10615795122401363_theta_0p2_run05,game2,10,1
heterogeneous,1751,config_1751_game2_heterogeneous_random_n10_rho_0p10615795122401363_theta_0p2_run07,game2,10,1
heterogeneous,1754,config_1754_game2_heterogeneous_random_n10_rho_0p10615795122401363_theta_0p2_run10,game2,10,1
heterogeneous,1755,config_1755_game2_heterogeneous_random_n10_rho_0p10615795122401363_theta_0p2_run11,game2,10,1
heterogeneous,1760,config_1760_game2_heterogeneous_random_n10_rho_0p10615795122401363_theta_0p2_run16,game2,10,1
heterogeneous,1761,config_1761_game2_heterogeneous_random_n10_rho_0p10615795122401363_theta_0p2_run17,game2,10,1
heterogeneous,1762,config_1762_game2_heterogeneous_random_n10_rho_0p10615795122401363_theta_0p2_run18,game2,10,1
heterogeneous,1764,config_1764_game2_heterogeneous_random_n10_rho_0p10615795122401363_theta_0p2_run20,game2,10,1
heterogeneous,1790,config_1790_game2_heterogeneous_random_n10_rho_0p10615795122401363_theta_0p8_run04,game2,10,1
heterogeneous,1795,config_1795_game2_heterogeneous_random_n10_rho_0p10615795122401363_theta_0p8_run09,game2,10,1
heterogeneous,1799,config_1799_game2_heterogeneous_random_n10_rho_0p10615795122401363_theta_0p8_run13,game2,10,1
heterogeneous,1802,config_1802_game2_heterogeneous_random_n10_rho_0p10615795122401363_theta_0p8_run16,game2,10,1
heterogeneous,1803,config_1803_game2_heterogeneous_random_n10_rho_0p10615795122401363_theta_0p8_run17,game2,10,1
heterogeneous,1804,config_1804_game2_heterogeneous_random_n10_rho_0p10615795122401363_theta_0p8_run18,game2,10,1
heterogeneous,1829,config_1829_game2_heterogeneous_random_n10_rho_0p9_theta_0p2_run01,game2,10,1
heterogeneous,1838,config_1838_game2_heterogeneous_random_n10_rho_0p9_theta_0p2_run10,game2,10,1
heterogeneous,1839,config_1839_game2_heterogeneous_random_n10_rho_0p9_theta_0p2_run11,game2,10,1
heterogeneous,1840,config_1840_game2_heterogeneous_random_n10_rho_0p9_theta_0p2_run12,game2,10,1
heterogeneous,1843,config_1843_game2_heterogeneous_random_n10_rho_0p9_theta_0p2_run15,game2,10,1
heterogeneous,1845,config_1845_game2_heterogeneous_random_n10_rho_0p9_theta_0p2_run17,game2,10,1
heterogeneous,1848,config_1848_game2_heterogeneous_random_n10_rho_0p9_theta_0p2_run20,game2,10,1
heterogeneous,1872,config_1872_game2_heterogeneous_random_n10_rho_0p9_theta_0p8_run02,game2,10,1
heterogeneous,1874,config_1874_game2_heterogeneous_random_n10_rho_0p9_theta_0p8_run04,game2,10,1
heterogeneous,1879,config_1879_game2_heterogeneous_random_n10_rho_0p9_theta_0p8_run09,game2,10,1
heterogeneous,1881,config_1881_game2_heterogeneous_random_n10_rho_0p9_theta_0p8_run11,game2,10,1
heterogeneous,1883,config_1883_game2_heterogeneous_random_n10_rho_0p9_theta_0p8_run13,game2,10,1
heterogeneous,1884,config_1884_game2_heterogeneous_random_n10_rho_0p9_theta_0p8_run14,game2,10,1
heterogeneous,1886,config_1886_game2_heterogeneous_random_n10_rho_0p9_theta_0p8_run16,game2,10,1
heterogeneous,1889,config_1889_game2_heterogeneous_random_n10_rho_0p9_theta_0p8_run19,game2,10,1
heterogeneous,2086,config_2086_game3_heterogeneous_random_n4_sigma_0p2_alpha_0p2_run06,game3,4,1
heterogeneous,2089,config_2089_game3_heterogeneous_random_n4_sigma_0p2_alpha_0p2_run09,game3,4,1
heterogeneous,2093,config_2093_game3_heterogeneous_random_n4_sigma_0p2_alpha_0p2_run13,game3,4,1
heterogeneous,2134,config_2134_game3_heterogeneous_random_n4_sigma_0p2_alpha_0p8_run12,game3,4,1
heterogeneous,2136,config_2136_game3_heterogeneous_random_n4_sigma_0p2_alpha_0p8_run14,game3,4,1
heterogeneous,2137,config_2137_game3_heterogeneous_random_n4_sigma_0p2_alpha_0p8_run15,game3,4,1
heterogeneous,2141,config_2141_game3_heterogeneous_random_n4_sigma_0p2_alpha_0p8_run19,game3,4,1
heterogeneous,2142,config_2142_game3_heterogeneous_random_n4_sigma_0p2_alpha_0p8_run20,game3,4,1
heterogeneous,2170,config_2170_game3_heterogeneous_random_n4_sigma_0p5_alpha_0p2_run06,game3,4,1
heterogeneous,2172,config_2172_game3_heterogeneous_random_n4_sigma_0p5_alpha_0p2_run08,game3,4,1
heterogeneous,2183,config_2183_game3_heterogeneous_random_n4_sigma_0p5_alpha_0p2_run19,game3,4,1
heterogeneous,2254,config_2254_game3_heterogeneous_random_n6_sigma_0p2_alpha_0p2_run06,game3,6,1
heterogeneous,2256,config_2256_game3_heterogeneous_random_n6_sigma_0p2_alpha_0p2_run08,game3,6,1
heterogeneous,2260,config_2260_game3_heterogeneous_random_n6_sigma_0p2_alpha_0p2_run12,game3,6,1
homogeneous,219,config_0219_game1_homogeneous_adversary_n4_comp_0p0_gpt_4o_mini_2024_07_18_last_seed1,game1,4,1
homogeneous,253,config_0253_game1_homogeneous_control_n4_comp_0p25_seed1,game1,4,1
homogeneous,256,config_0256_game1_homogeneous_adversary_n4_comp_0p25_amazon_nova_micro_v1p0_first_seed2,game1,4,1
homogeneous,262,config_0262_game1_homogeneous_adversary_n4_comp_0p25_gpt_4o_mini_2024_07_18_last_seed2,game1,4,1
homogeneous,263,config_0263_game1_homogeneous_adversary_n4_comp_0p25_claude_sonnet_4_20250514_first_seed1,game1,4,1
homogeneous,267,config_0267_game1_homogeneous_adversary_n4_comp_0p25_gemini_2p5_pro_first_seed1,game1,4,1
homogeneous,297,config_0297_game1_homogeneous_adversary_n4_comp_0p5_amazon_nova_micro_v1p0_first_seed1,game1,4,1
homogeneous,346,config_0346_game1_homogeneous_adversary_n4_comp_0p75_gpt_4o_mini_2024_07_18_last_seed2,game1,4,1
homogeneous,348,config_0348_game1_homogeneous_adversary_n4_comp_0p75_claude_sonnet_4_20250514_first_seed2,game1,4,1
homogeneous,354,config_0354_game1_homogeneous_adversary_n4_comp_0p75_gemini_2p5_pro_last_seed2,game1,4,1
homogeneous,470,config_0470_game1_homogeneous_adversary_n6_comp_0p25_gpt_4o_mini_2024_07_18_first_seed2,game1,6,1
homogeneous,471,config_0471_game1_homogeneous_adversary_n6_comp_0p25_gpt_4o_mini_2024_07_18_last_seed1,game1,6,1
homogeneous,472,config_0472_game1_homogeneous_adversary_n6_comp_0p25_gpt_4o_mini_2024_07_18_last_seed2,game1,6,1
homogeneous,475,config_0475_game1_homogeneous_adversary_n6_comp_0p25_claude_sonnet_4_20250514_last_seed1,game1,6,1
homogeneous,507,config_0507_game1_homogeneous_adversary_n6_comp_0p5_amazon_nova_micro_v1p0_first_seed1,game1,6,1
homogeneous,511,config_0511_game1_homogeneous_adversary_n6_comp_0p5_gpt_4o_mini_2024_07_18_first_seed1,game1,6,1
homogeneous,514,config_0514_game1_homogeneous_adversary_n6_comp_0p5_gpt_4o_mini_2024_07_18_last_seed2,game1,6,1
homogeneous,554,config_0554_game1_homogeneous_adversary_n6_comp_0p75_gpt_4o_mini_2024_07_18_first_seed2,game1,6,1
homogeneous,558,config_0558_game1_homogeneous_adversary_n6_comp_0p75_claude_sonnet_4_20250514_first_seed2,game1,6,1
homogeneous,562,config_0562_game1_homogeneous_adversary_n6_comp_0p75_gemini_2p5_pro_first_seed2,game1,6,1
homogeneous,564,config_0564_game1_homogeneous_adversary_n6_comp_0p75_gemini_2p5_pro_last_seed2,game1,6,1
homogeneous,596,config_0596_game1_homogeneous_adversary_n6_comp_1p0_gpt_4o_mini_2024_07_18_first_seed2,game1,6,1
homogeneous,598,config_0598_game1_homogeneous_adversary_n6_comp_1p0_gpt_4o_mini_2024_07_18_last_seed2,game1,6,1
homogeneous,606,config_0606_game1_homogeneous_adversary_n6_comp_1p0_gemini_2p5_pro_last_seed2,game1,6,1
homogeneous,610,config_0610_game1_homogeneous_adversary_n6_comp_1p0_gpt_5p4_high_last_seed2,game1,6,1
homogeneous,631,config_0631_game1_homogeneous_control_n8_comp_0p0_seed1,game1,8,1
homogeneous,634,config_0634_game1_homogeneous_adversary_n8_comp_0p0_amazon_nova_micro_v1p0_first_seed2,game1,8,1
homogeneous,638,config_0638_game1_homogeneous_adversary_n8_comp_0p0_gpt_4o_mini_2024_07_18_first_seed2,game1,8,1
homogeneous,640,config_0640_game1_homogeneous_adversary_n8_comp_0p0_gpt_4o_mini_2024_07_18_last_seed2,game1,8,1
homogeneous,643,config_0643_game1_homogeneous_adversary_n8_comp_0p0_claude_sonnet_4_20250514_last_seed1,game1,8,1
homogeneous,673,config_0673_game1_homogeneous_control_n8_comp_0p25_seed1,game1,8,1
homogeneous,675,config_0675_game1_homogeneous_adversary_n8_comp_0p25_amazon_nova_micro_v1p0_first_seed1,game1,8,1
homogeneous,715,config_0715_game1_homogeneous_control_n8_comp_0p5_seed1,game1,8,1
homogeneous,716,config_0716_game1_homogeneous_control_n8_comp_0p5_seed2,game1,8,1
homogeneous,719,config_0719_game1_homogeneous_adversary_n8_comp_0p5_amazon_nova_micro_v1p0_last_seed1,game1,8,1
homogeneous,722,config_0722_game1_homogeneous_adversary_n8_comp_0p5_gpt_4o_mini_2024_07_18_first_seed2,game1,8,1
homogeneous,723,config_0723_game1_homogeneous_adversary_n8_comp_0p5_gpt_4o_mini_2024_07_18_last_seed1,game1,8,1
homogeneous,724,config_0724_game1_homogeneous_adversary_n8_comp_0p5_gpt_4o_mini_2024_07_18_last_seed2,game1,8,1
homogeneous,730,config_0730_game1_homogeneous_adversary_n8_comp_0p5_gemini_2p5_pro_first_seed2,game1,8,1
homogeneous,768,config_0768_game1_homogeneous_adversary_n8_comp_0p75_claude_sonnet_4_20250514_first_seed2,game1,8,1
homogeneous,772,config_0772_game1_homogeneous_adversary_n8_comp_0p75_gemini_2p5_pro_first_seed2,game1,8,1
homogeneous,800,config_0800_game1_homogeneous_control_n8_comp_1p0_seed2,game1,8,1
homogeneous,804,config_0804_game1_homogeneous_adversary_n8_comp_1p0_amazon_nova_micro_v1p0_last_seed2,game1,8,1
homogeneous,808,config_0808_game1_homogeneous_adversary_n8_comp_1p0_gpt_4o_mini_2024_07_18_last_seed2,game1,8,1
homogeneous,810,config_0810_game1_homogeneous_adversary_n8_comp_1p0_claude_sonnet_4_20250514_first_seed2,game1,8,1
homogeneous,815,config_0815_game1_homogeneous_adversary_n8_comp_1p0_gemini_2p5_pro_last_seed1,game1,8,1
homogeneous,818,config_0818_game1_homogeneous_adversary_n8_comp_1p0_gpt_5p4_high_first_seed2,game1,8,1
homogeneous,819,config_0819_game1_homogeneous_adversary_n8_comp_1p0_gpt_5p4_high_last_seed1,game1,8,1
homogeneous,820,config_0820_game1_homogeneous_adversary_n8_comp_1p0_gpt_5p4_high_last_seed2,game1,8,1
homogeneous,844,config_0844_game1_homogeneous_adversary_n10_comp_0p0_amazon_nova_micro_v1p0_first_seed2,game1,10,1
homogeneous,845,config_0845_game1_homogeneous_adversary_n10_comp_0p0_amazon_nova_micro_v1p0_last_seed1,game1,10,1
homogeneous,854,config_0854_game1_homogeneous_adversary_n10_comp_0p0_claude_sonnet_4_20250514_last_seed2,game1,10,1
homogeneous,862,config_0862_game1_homogeneous_adversary_n10_comp_0p0_gpt_5p4_high_last_seed2,game1,10,1
homogeneous,885,config_0885_game1_homogeneous_adversary_n10_comp_0p25_amazon_nova_micro_v1p0_first_seed1,game1,10,1
homogeneous,890,config_0890_game1_homogeneous_adversary_n10_comp_0p25_gpt_4o_mini_2024_07_18_first_seed2,game1,10,1
homogeneous,891,config_0891_game1_homogeneous_adversary_n10_comp_0p25_gpt_4o_mini_2024_07_18_last_seed1,game1,10,1
homogeneous,900,config_0900_game1_homogeneous_adversary_n10_comp_0p25_gemini_2p5_pro_last_seed2,game1,10,1
homogeneous,903,config_0903_game1_homogeneous_adversary_n10_comp_0p25_gpt_5p4_high_last_seed1,game1,10,1
homogeneous,928,config_0928_game1_homogeneous_adversary_n10_comp_0p5_amazon_nova_micro_v1p0_first_seed2,game1,10,1
homogeneous,932,config_0932_game1_homogeneous_adversary_n10_comp_0p5_gpt_4o_mini_2024_07_18_first_seed2,game1,10,1
homogeneous,933,config_0933_game1_homogeneous_adversary_n10_comp_0p5_gpt_4o_mini_2024_07_18_last_seed1,game1,10,1
homogeneous,939,config_0939_game1_homogeneous_adversary_n10_comp_0p5_gemini_2p5_pro_first_seed1,game1,10,1
homogeneous,970,config_0970_game1_homogeneous_adversary_n10_comp_0p75_amazon_nova_micro_v1p0_first_seed2,game1,10,1
homogeneous,974,config_0974_game1_homogeneous_adversary_n10_comp_0p75_gpt_4o_mini_2024_07_18_first_seed2,game1,10,1
homogeneous,977,config_0977_game1_homogeneous_adversary_n10_comp_0p75_claude_sonnet_4_20250514_first_seed1,game1,10,1
homogeneous,979,config_0979_game1_homogeneous_adversary_n10_comp_0p75_claude_sonnet_4_20250514_last_seed1,game1,10,1
homogeneous,980,config_0980_game1_homogeneous_adversary_n10_comp_0p75_claude_sonnet_4_20250514_last_seed2,game1,10,1
homogeneous,1011,config_1011_game1_homogeneous_adversary_n10_comp_1p0_amazon_nova_micro_v1p0_first_seed1,game1,10,1
homogeneous,1022,config_1022_game1_homogeneous_adversary_n10_comp_1p0_claude_sonnet_4_20250514_last_seed2,game1,10,1
homogeneous,1023,config_1023_game1_homogeneous_adversary_n10_comp_1p0_gemini_2p5_pro_first_seed1,game1,10,1
homogeneous,1219,config_1219_game2_homogeneous_control_n4_rho_0p319802274228682_theta_0p2_seed1,game2,4,1
homogeneous,1222,config_1222_game2_homogeneous_adversary_n4_rho_0p319802274228682_theta_0p2_amazon_nova_micro_v1p0_first_seed2,game2,4,1
homogeneous,1234,config_1234_game2_homogeneous_adversary_n4_rho_0p319802274228682_theta_0p2_gemini_2p5_pro_first_seed2,game2,4,1
homogeneous,1308,config_1308_game2_homogeneous_adversary_n4_rho_0p9_theta_0p2_amazon_nova_micro_v1p0_last_seed2,game2,4,1
homogeneous,1316,config_1316_game2_homogeneous_adversary_n4_rho_0p9_theta_0p2_claude_sonnet_4_20250514_last_seed2,game2,4,1
homogeneous,1347,config_1347_game2_homogeneous_adversary_n4_rho_0p9_theta_0p8_amazon_nova_micro_v1p0_first_seed1,game2,4,1
homogeneous,1348,config_1348_game2_homogeneous_adversary_n4_rho_0p9_theta_0p8_amazon_nova_micro_v1p0_first_seed2,game2,4,1
homogeneous,1352,config_1352_game2_homogeneous_adversary_n4_rho_0p9_theta_0p8_gpt_4o_mini_2024_07_18_first_seed2,game2,4,1
homogeneous,1353,config_1353_game2_homogeneous_adversary_n4_rho_0p9_theta_0p8_gpt_4o_mini_2024_07_18_last_seed1,game2,4,1
homogeneous,1361,config_1361_game2_homogeneous_adversary_n4_rho_0p9_theta_0p8_gemini_2p5_pro_last_seed1,game2,4,1
homogeneous,1404,config_1404_game2_homogeneous_adversary_n6_rho_0p19130568257555955_theta_0p2_gemini_2p5_pro_last_seed2,game2,6,1
homogeneous,1437,config_1437_game2_homogeneous_adversary_n6_rho_0p19130568257555955_theta_0p8_gpt_4o_mini_2024_07_18_last_seed1,game2,6,1
homogeneous,1442,config_1442_game2_homogeneous_adversary_n6_rho_0p19130568257555955_theta_0p8_claude_sonnet_4_20250514_last_seed2,game2,6,1
homogeneous,1445,config_1445_game2_homogeneous_adversary_n6_rho_0p19130568257555955_theta_0p8_gemini_2p5_pro_last_seed1,game2,6,1
homogeneous,1473,config_1473_game2_homogeneous_adversary_n6_rho_0p9_theta_0p2_amazon_nova_micro_v1p0_first_seed1,game2,6,1
homogeneous,1474,config_1474_game2_homogeneous_adversary_n6_rho_0p9_theta_0p2_amazon_nova_micro_v1p0_first_seed2,game2,6,1
homogeneous,1477,config_1477_game2_homogeneous_adversary_n6_rho_0p9_theta_0p2_gpt_4o_mini_2024_07_18_first_seed1,game2,6,1
homogeneous,1485,config_1485_game2_homogeneous_adversary_n6_rho_0p9_theta_0p2_gemini_2p5_pro_first_seed1,game2,6,1
homogeneous,1513,config_1513_game2_homogeneous_control_n6_rho_0p9_theta_0p8_seed1,game2,6,1
homogeneous,1525,config_1525_game2_homogeneous_adversary_n6_rho_0p9_theta_0p8_claude_sonnet_4_20250514_last_seed1,game2,6,1
homogeneous,1527,config_1527_game2_homogeneous_adversary_n6_rho_0p9_theta_0p8_gemini_2p5_pro_first_seed1,game2,6,1
homogeneous,1556,config_1556_game2_homogeneous_control_n8_rho_0p1365347919384111_theta_0p2_seed2,game2,8,1
homogeneous,1562,config_1562_game2_homogeneous_adversary_n8_rho_0p1365347919384111_theta_0p2_gpt_4o_mini_2024_07_18_first_seed2,game2,8,1
homogeneous,1566,config_1566_game2_homogeneous_adversary_n8_rho_0p1365347919384111_theta_0p2_claude_sonnet_4_20250514_first_seed2,game2,8,1
homogeneous,1571,config_1571_game2_homogeneous_adversary_n8_rho_0p1365347919384111_theta_0p2_gemini_2p5_pro_last_seed1,game2,8,1
homogeneous,1600,config_1600_game2_homogeneous_adversary_n8_rho_0p1365347919384111_theta_0p8_amazon_nova_micro_v1p0_first_seed2,game2,8,1
homogeneous,1642,config_1642_game2_homogeneous_adversary_n8_rho_0p9_theta_0p2_amazon_nova_micro_v1p0_first_seed2,game2,8,1
homogeneous,1650,config_1650_game2_homogeneous_adversary_n8_rho_0p9_theta_0p2_claude_sonnet_4_20250514_first_seed2,game2,8,1
homogeneous,1652,config_1652_game2_homogeneous_adversary_n8_rho_0p9_theta_0p2_claude_sonnet_4_20250514_last_seed2,game2,8,1
homogeneous,1659,config_1659_game2_homogeneous_adversary_n8_rho_0p9_theta_0p2_gpt_5p4_high_last_seed1,game2,8,1
homogeneous,1685,config_1685_game2_homogeneous_adversary_n8_rho_0p9_theta_0p8_amazon_nova_micro_v1p0_last_seed1,game2,8,1
homogeneous,1693,config_1693_game2_homogeneous_adversary_n8_rho_0p9_theta_0p8_claude_sonnet_4_20250514_last_seed1,game2,8,1
homogeneous,1697,config_1697_game2_homogeneous_adversary_n8_rho_0p9_theta_0p8_gemini_2p5_pro_last_seed1,game2,8,1
homogeneous,1729,config_1729_game2_homogeneous_adversary_n10_rho_0p10615795122401363_theta_0p2_gpt_4o_mini_2024_07_18_first_seed1,game2,10,1
homogeneous,1737,config_1737_game2_homogeneous_adversary_n10_rho_0p10615795122401363_theta_0p2_gemini_2p5_pro_first_seed1,game2,10,1
homogeneous,1738,config_1738_game2_homogeneous_adversary_n10_rho_0p10615795122401363_theta_0p2_gemini_2p5_pro_first_seed2,game2,10,1
homogeneous,1739,config_1739_game2_homogeneous_adversary_n10_rho_0p10615795122401363_theta_0p2_gemini_2p5_pro_last_seed1,game2,10,1
homogeneous,1769,config_1769_game2_homogeneous_adversary_n10_rho_0p10615795122401363_theta_0p8_amazon_nova_micro_v1p0_last_seed1,game2,10,1
homogeneous,1773,config_1773_game2_homogeneous_adversary_n10_rho_0p10615795122401363_theta_0p8_gpt_4o_mini_2024_07_18_last_seed1,game2,10,1
homogeneous,1778,config_1778_game2_homogeneous_adversary_n10_rho_0p10615795122401363_theta_0p8_claude_sonnet_4_20250514_last_seed2,game2,10,1
homogeneous,1779,config_1779_game2_homogeneous_adversary_n10_rho_0p10615795122401363_theta_0p8_gemini_2p5_pro_first_seed1,game2,10,1
homogeneous,1817,config_1817_game2_homogeneous_adversary_n10_rho_0p9_theta_0p2_claude_sonnet_4_20250514_first_seed1,game2,10,1
homogeneous,1823,config_1823_game2_homogeneous_adversary_n10_rho_0p9_theta_0p2_gemini_2p5_pro_last_seed1,game2,10,1
homogeneous,1850,config_1850_game2_homogeneous_control_n10_rho_0p9_theta_0p8_seed2,game2,10,1
homogeneous,1861,config_1861_game2_homogeneous_adversary_n10_rho_0p9_theta_0p8_claude_sonnet_4_20250514_last_seed1,game2,10,1
homogeneous,1862,config_1862_game2_homogeneous_adversary_n10_rho_0p9_theta_0p8_claude_sonnet_4_20250514_last_seed2,game2,10,1
homogeneous,1863,config_1863_game2_homogeneous_adversary_n10_rho_0p9_theta_0p8_gemini_2p5_pro_first_seed1,game2,10,1
homogeneous,1866,config_1866_game2_homogeneous_adversary_n10_rho_0p9_theta_0p8_gemini_2p5_pro_last_seed2,game2,10,1
homogeneous,1867,config_1867_game2_homogeneous_adversary_n10_rho_0p9_theta_0p8_gpt_5p4_high_first_seed1,game2,10,1
homogeneous,2059,config_2059_game3_homogeneous_control_n4_sigma_0p2_alpha_0p2_seed1,game3,4,1
homogeneous,2061,config_2061_game3_homogeneous_adversary_n4_sigma_0p2_alpha_0p2_amazon_nova_micro_v1p0_first_seed1,game3,4,1
homogeneous,2105,config_2105_game3_homogeneous_adversary_n4_sigma_0p2_alpha_0p8_amazon_nova_micro_v1p0_last_seed1,game3,4,1
homogeneous,2113,config_2113_game3_homogeneous_adversary_n4_sigma_0p2_alpha_0p8_claude_sonnet_4_20250514_last_seed1,game3,4,1
homogeneous,2117,config_2117_game3_homogeneous_adversary_n4_sigma_0p2_alpha_0p8_gemini_2p5_pro_last_seed1,game3,4,1
homogeneous,2118,config_2118_game3_homogeneous_adversary_n4_sigma_0p2_alpha_0p8_gemini_2p5_pro_last_seed2,game3,4,1
homogeneous,2122,config_2122_game3_homogeneous_adversary_n4_sigma_0p2_alpha_0p8_gpt_5p4_high_last_seed2,game3,4,1
homogeneous,2159,config_2159_game3_homogeneous_adversary_n4_sigma_0p5_alpha_0p2_gemini_2p5_pro_last_seed1,game3,4,1
homogeneous,2189,config_2189_game3_homogeneous_adversary_n4_sigma_0p5_alpha_0p8_amazon_nova_micro_v1p0_last_seed1,game3,4,1
homogeneous,2193,config_2193_game3_homogeneous_adversary_n4_sigma_0p5_alpha_0p8_gpt_4o_mini_2024_07_18_last_seed1,game3,4,1
homogeneous,2246,config_2246_game3_homogeneous_adversary_n6_sigma_0p2_alpha_0p2_gpt_5p4_high_first_seed2,game3,6,1
homogeneous,2273,config_2273_game3_homogeneous_adversary_n6_sigma_0p2_alpha_0p8_amazon_nova_micro_v1p0_last_seed1,game3,6,1
homogeneous,2274,config_2274_game3_homogeneous_adversary_n6_sigma_0p2_alpha_0p8_amazon_nova_micro_v1p0_last_seed2,game3,6,1
homogeneous,2275,config_2275_game3_homogeneous_adversary_n6_sigma_0p2_alpha_0p8_gpt_4o_mini_2024_07_18_first_seed1,game3,6,1
homogeneous,2278,config_2278_game3_homogeneous_adversary_n6_sigma_0p2_alpha_0p8_gpt_4o_mini_2024_07_18_last_seed2,game3,6,1
homogeneous,2279,config_2279_game3_homogeneous_adversary_n6_sigma_0p2_alpha_0p8_claude_sonnet_4_20250514_first_seed1,game3,6,1
homogeneous,2312,config_2312_game3_homogeneous_control_n6_sigma_0p5_alpha_0p2_seed2,game3,6,1
homogeneous,2315,config_2315_game3_homogeneous_adversary_n6_sigma_0p5_alpha_0p2_amazon_nova_micro_v1p0_last_seed1,game3,6,1
homogeneous,2327,config_2327_game3_homogeneous_adversary_n6_sigma_0p5_alpha_0p2_gemini_2p5_pro_last_seed1,game3,6,1
homogeneous,2353,config_2353_game3_homogeneous_control_n6_sigma_0p5_alpha_0p8_seed1,game3,6,1
homogeneous,2357,config_2357_game3_homogeneous_adversary_n6_sigma_0p5_alpha_0p8_amazon_nova_micro_v1p0_last_seed1,game3,6,1
homogeneous,2366,config_2366_game3_homogeneous_adversary_n6_sigma_0p5_alpha_0p8_claude_sonnet_4_20250514_last_seed2,game3,6,1
homogeneous,2373,config_2373_game3_homogeneous_adversary_n6_sigma_0p5_alpha_0p8_gpt_5p4_high_last_seed1,game3,6,1
homogeneous,2449,config_2449_game3_homogeneous_adversary_n8_sigma_0p2_alpha_0p8_claude_sonnet_4_20250514_last_seed1,game3,8,1
homogeneous,2458,config_2458_game3_homogeneous_adversary_n8_sigma_0p2_alpha_0p8_gpt_5p4_high_last_seed2,game3,8,1
homogeneous,2486,config_2486_game3_homogeneous_adversary_n8_sigma_0p5_alpha_0p2_gpt_4o_mini_2024_07_18_first_seed2,game3,8,1
homogeneous,2526,config_2526_game3_homogeneous_adversary_n8_sigma_0p5_alpha_0p8_amazon_nova_micro_v1p0_last_seed2,game3,8,1
homogeneous,2530,config_2530_game3_homogeneous_adversary_n8_sigma_0p5_alpha_0p8_gpt_4o_mini_2024_07_18_last_seed2,game3,8,1
homogeneous,2535,config_2535_game3_homogeneous_adversary_n8_sigma_0p5_alpha_0p8_gemini_2p5_pro_first_seed1,game3,8,1
homogeneous,2538,config_2538_game3_homogeneous_adversary_n8_sigma_0p5_alpha_0p8_gemini_2p5_pro_last_seed2,game3,8,1
homogeneous,2571,config_2571_game3_homogeneous_adversary_n10_sigma_0p2_alpha_0p2_gpt_4o_mini_2024_07_18_last_seed1,game3,10,1
homogeneous,2574,config_2574_game3_homogeneous_adversary_n10_sigma_0p2_alpha_0p2_claude_sonnet_4_20250514_first_seed2,game3,10,1
homogeneous,2579,config_2579_game3_homogeneous_adversary_n10_sigma_0p2_alpha_0p2_gemini_2p5_pro_last_seed1,game3,10,1
homogeneous,2580,config_2580_game3_homogeneous_adversary_n10_sigma_0p2_alpha_0p2_gemini_2p5_pro_last_seed2,game3,10,1
homogeneous,2614,config_2614_game3_homogeneous_adversary_n10_sigma_0p2_alpha_0p8_gpt_4o_mini_2024_07_18_last_seed2,game3,10,1
homogeneous,2615,config_2615_game3_homogeneous_adversary_n10_sigma_0p2_alpha_0p8_claude_sonnet_4_20250514_first_seed1,game3,10,1
homogeneous,2653,config_2653_game3_homogeneous_adversary_n10_sigma_0p5_alpha_0p2_gpt_4o_mini_2024_07_18_first_seed1,game3,10,1
homogeneous,2655,config_2655_game3_homogeneous_adversary_n10_sigma_0p5_alpha_0p2_gpt_4o_mini_2024_07_18_last_seed1,game3,10,1
homogeneous,2662,config_2662_game3_homogeneous_adversary_n10_sigma_0p5_alpha_0p2_gemini_2p5_pro_first_seed2,game3,10,1
homogeneous,2694,config_2694_game3_homogeneous_adversary_n10_sigma_0p5_alpha_0p8_amazon_nova_micro_v1p0_last_seed2,game3,10,1
homogeneous,2696,config_2696_game3_homogeneous_adversary_n10_sigma_0p5_alpha_0p8_gpt_4o_mini_2024_07_18_first_seed2,game3,10,1
homogeneous,2700,config_2700_game3_homogeneous_adversary_n10_sigma_0p5_alpha_0p8_claude_sonnet_4_20250514_first_seed2,game3,10,1
homogeneous,2701,config_2701_game3_homogeneous_adversary_n10_sigma_0p5_alpha_0p8_claude_sonnet_4_20250514_last_seed1,game3,10,1
homogeneous,2705,config_2705_game3_homogeneous_adversary_n10_sigma_0p5_alpha_0p8_gemini_2p5_pro_last_seed1,game3,10,1
